n;comune;provincia;popolazione;s_r_r_di_competenza;r_i_ton;r_d_ton;r_t_ton;r_d;r_c_ton;extra_d_m_2016_ton;sigla_automobilistica;id_comune
1;Agrigento;AGRIGENTO;55227;AGRIGENTO PROVINCIA EST;4087,73;2279,64;6367,37;64,2;6367,37;0,0;AG;084001-(2020-01-04)
2;Sciacca;AGRIGENTO;38541;AGRIGENTO PROVINCIA OVEST;13783,86;2475,74;16259,6;84,77;16262,64;3,04;AG;084041-(2016-06-06)
3;Licata;AGRIGENTO;34087;AGRIGENTO PROVINCIA EST;1869,23;1935,77;3805,0;49,13;3821,19;16,19;AG;084021-(2016-06-06)
4;Canicattì;AGRIGENTO;34266;AGRIGENTO PROVINCIA EST;2642,27;1934,52;4576,79;57,73;4576,79;0,0;AG;084011-(1861-03-17)
5;Favara;AGRIGENTO;31309;AGRIGENTO PROVINCIA EST;1674,58;2011,62;3686,2;45,43;3686,2;0,0;AG;084017-(2020-01-04)
6;Palma di Montechiaro;AGRIGENTO;21236;AGRIGENTO PROVINCIA EST;219,9;1978,44;2198,34;10,0;2198,34;0,0;AG;084027-(2016-06-06)
7;Ribera;AGRIGENTO;17730;AGRIGENTO PROVINCIA OVEST;4817,29;950,18;5767,47;83,53;5788,51;21,04;AG;084033-(2016-06-06)
8;Porto Empedocle;AGRIGENTO;15479;AGRIGENTO PROVINCIA EST;175,12;0,0;175,12;100,0;175,12;0,0;AG;084028-(2016-06-06)
9;Raffadali;AGRIGENTO;11780;AGRIGENTO PROVINCIA EST;950,09;445,44;1395,53;68,08;1395,53;0,0;AG;084030-(1893-01-01)
10;Menfi;AGRIGENTO;11753;AGRIGENTO PROVINCIA OVEST;2823,16;662,6;3485,76;80,99;3524,12;38,36;AG;084023-(2016-06-06)
11;Ravanusa;AGRIGENTO;10214;AGRIGENTO PROVINCIA EST;490,97;352,82;843,79;58,19;843,79;0,0;AG;084031-(2016-06-06)
12;Campobello di Licata;AGRIGENTO;8949;AGRIGENTO PROVINCIA EST;802,84;489,22;1292,06;62,14;1292,06;0,0;AG;084010-(2016-06-06)
13;Aragona;AGRIGENTO;8695;AGRIGENTO PROVINCIA EST;941,18;376,32;1317,5;71,44;1317,5;0,0;AG;084003-(1948-01-01)
14;Racalmuto;AGRIGENTO;7464;AGRIGENTO PROVINCIA EST;772,92;365,24;1138,16;67,91;1138,16;0,0;AG;084029-(2016-06-06)
15;Casteltermini;AGRIGENTO;7140;AGRIGENTO PROVINCIA EST;373,14;246,14;619,28;60,25;619,28;0,0;AG;084012-(2016-06-06)
16;San Giovanni Gemini;AGRIGENTO;7428;AGRIGENTO PROVINCIA EST;0,0;0,0;0,0;0,0;0,0;0,0;AG;084036-(2016-06-06)
17;Naro;AGRIGENTO;6872;AGRIGENTO PROVINCIA EST;287,62;244,54;532,16;54,05;532,16;0,0;AG;084026-(1861-03-17)
18;Lampedusa e Linosa;AGRIGENTO;6488;AGRIGENTO PROVINCIA EST;659,52;285,24;944,76;69,81;972,16;27,4;AG;084020-(2016-06-06)
19;Santa Margherita di Belice;AGRIGENTO;5959;AGRIGENTO PROVINCIA OVEST;945,95;308,6;1254,55;75,4;1254,55;0,0;AG;084038-(2016-06-06)
20;Cammarata;AGRIGENTO;5828;AGRIGENTO PROVINCIA EST;431,73;165,78;597,51;72,25;597,51;0,0;AG;084009-(2016-06-06)
21;Sambuca di Sicilia;AGRIGENTO;5253;AGRIGENTO PROVINCIA OVEST;1174,42;254,42;1428,84;82,19;1428,84;0,0;AG;084034-(2016-06-06)
22;Grotte;AGRIGENTO;5060;AGRIGENTO PROVINCIA EST;0,0;0,0;0,0;0,0;0,0;0,0;AG;084018-(2016-06-06)
23;Santo Stefano Quisquina;AGRIGENTO;3919;AGRIGENTO PROVINCIA OVEST;453,16;240,24;693,4;65,35;699,84;6,44;AG;084040-(2016-06-06)
24;Siculiana;AGRIGENTO;4148;AGRIGENTO PROVINCIA EST;312,33;122,82;435,15;71,78;435,15;0,0;AG;084042-(2016-06-06)
25;Realmonte;AGRIGENTO;4345;AGRIGENTO PROVINCIA EST;157,65;106,0;263,65;59,8;263,65;0,0;AG;084032-(2016-06-06)
26;Cattolica Eraclea;AGRIGENTO;3260;AGRIGENTO PROVINCIA OVEST;432,48;183,96;616,44;70,16;616,44;0,0;AG;084014-(2016-06-06)
27;Bivona;AGRIGENTO;3052;AGRIGENTO PROVINCIA OVEST;528,09;287,14;815,23;64,78;830,93;15,7;AG;084004-(2016-06-06)
28;Caltabellotta;AGRIGENTO;3094;AGRIGENTO PROVINCIA OVEST;389,32;260,44;649,76;59,92;649,76;0,0;AG;084007-(2016-06-06)
29;Cianciana;AGRIGENTO;2987;AGRIGENTO PROVINCIA OVEST;326,06;243,8;569,86;57,22;569,86;0,0;AG;084015-(2016-06-06)
30;San Biagio Platani;AGRIGENTO;2763;AGRIGENTO PROVINCIA OVEST;553,97;287,48;841,45;65,84;841,45;0,0;AG;084035-(2016-06-06)
31;Alessandria della Rocca;AGRIGENTO;2350;AGRIGENTO PROVINCIA OVEST;0,0;0,0;0,0;0,0;0,0;0,0;AG;084002-(2016-06-06)
32;Castrofilippo;AGRIGENTO;2561;AGRIGENTO PROVINCIA EST;0,0;0,0;0,0;0,0;0,0;0,0;AG;084013-(2016-06-06)
33;Montevago;AGRIGENTO;2654;AGRIGENTO PROVINCIA OVEST;553,47;168,36;721,83;76,68;721,83;0,0;AG;084025-(2016-06-06)
34;Burgio;AGRIGENTO;2452;AGRIGENTO PROVINCIA OVEST;383,7;147,76;531,46;72,2;531,46;0,0;AG;084005-(2016-06-06)
35;Montallegro;AGRIGENTO;2342;AGRIGENTO PROVINCIA EST;130,37;76,78;207,15;62,94;207,15;0,0;AG;084024-(2016-06-06)
36;Santa Elisabetta;AGRIGENTO;2203;AGRIGENTO PROVINCIA EST;236,53;96,02;332,55;71,13;332,55;0,0;AG;084037-(2016-06-06)
37;Camastra;AGRIGENTO;1961;AGRIGENTO PROVINCIA EST;63,65;39,2;102,85;61,89;102,85;0,0;AG;084008-(1861-03-17)
38;Lucca Sicula;AGRIGENTO;1689;AGRIGENTO PROVINCIA OVEST;266,72;43,02;309,74;86,11;309,74;0,0;AG;084022-(2016-06-06)
39;Villafranca Sicula;AGRIGENTO;1315;AGRIGENTO PROVINCIA OVEST;220,03;40,24;260,27;84,54;260,27;0,0;AG;084043-(2016-06-06)
40;Sant'Angelo Muxaro;AGRIGENTO;1153;AGRIGENTO PROVINCIA EST;77,01;37,62;114,63;67,18;114,63;0,0;AG;084039-(2016-06-06)
41;Calamonaci;AGRIGENTO;1120;AGRIGENTO PROVINCIA OVEST;197,14;37,7;234,84;83,95;234,84;0,0;AG;084006-(2016-06-06)
42;Joppolo Giancaxio;AGRIGENTO;1062;AGRIGENTO PROVINCIA EST;109,51;41,96;151,47;72,3;151,47;0,0;AG;084019-(2016-06-06)
43;Comitini;AGRIGENTO;871;AGRIGENTO PROVINCIA EST;83,3;40,56;123,86;67,25;123,86;0,0;AG;084016-(2016-06-06)
44;Gela;CALTANISSETTA;70341;CALTANISSETTA PROVINCIA SUD;4550,12;2499,76;7049,88;64,54;7064,32;14,44;CL;085007-(2016-06-06)
45;Caltanissetta;CALTANISSETTA;58045;CALTANISSETTA PROVINCIA NORD;5740,15;3560,78;9300,93;61,72;9300,93;0,0;CL;085004-(2016-06-06)
46;Niscemi;CALTANISSETTA;24669;CALTANISSETTA PROVINCIA SUD;1769,78;1007,99;2777,77;63,71;2777,77;0,0;CL;085013-(2016-06-06)
47;San Cataldo;CALTANISSETTA;20453;CALTANISSETTA PROVINCIA NORD;1566,52;686,66;2253,18;69,52;2253,18;0,0;CL;085016-(2016-06-06)
48;Mazzarino;CALTANISSETTA;10676;CALTANISSETTA PROVINCIA SUD;513,71;0,0;513,71;100,0;513,71;0,0;CL;085009-(2016-06-06)
49;Riesi;CALTANISSETTA;10234;CALTANISSETTA PROVINCIA SUD;459,44;371,9;831,34;55,26;831,34;0,0;CL;085015-(2016-06-06)
50;Mussomeli;CALTANISSETTA;9822;CALTANISSETTA PROVINCIA NORD;863,95;378,6;1242,55;69,53;1242,55;0,0;CL;085012-(2016-06-06)
51;Sommatino;CALTANISSETTA;6275;CALTANISSETTA PROVINCIA SUD;0,0;0,0;0,0;0,0;0,0;0,0;CL;085019-(2016-06-06)
52;Serradifalco;CALTANISSETTA;5383;CALTANISSETTA PROVINCIA NORD;379,56;124,62;504,18;75,28;504,18;0,0;CL;085018-(2016-06-06)
53;Santa Caterina Villarmosa;CALTANISSETTA;4518;CALTANISSETTA PROVINCIA NORD;341,07;135,34;476,41;71,59;476,41;0,0;CL;085017-(2016-06-06)
54;Butera;CALTANISSETTA;4081;CALTANISSETTA PROVINCIA SUD;436,14;101,77;537,91;81,08;537,91;0,0;CL;085003-(2016-06-06)
55;Delia;CALTANISSETTA;3850;CALTANISSETTA PROVINCIA SUD;385,69;135,94;521,63;73,94;521,63;0,0;CL;085006-(2016-06-06)
56;Vallelunga Pratameno;CALTANISSETTA;3023;CALTANISSETTA PROVINCIA NORD;219,78;88,92;308,7;71,2;308,7;0,0;CL;085021-(2016-06-06)
57;Campofranco;CALTANISSETTA;2550;CALTANISSETTA PROVINCIA NORD;179,78;67,4;247,18;72,73;247,18;0,0;CL;085005-(2016-06-06)
58;Milena;CALTANISSETTA;2614;CALTANISSETTA PROVINCIA NORD;242,53;81,14;323,67;74,93;323,67;0,0;CL;085010-(2016-06-06)
59;Resuttano;CALTANISSETTA;1704;CALTANISSETTA PROVINCIA NORD;114,63;44,74;159,37;71,93;159,37;0,0;CL;085014-(2016-06-06)
60;Marianopoli;CALTANISSETTA;1532;CALTANISSETTA PROVINCIA NORD;124,02;25,94;149,96;82,7;149,96;0,0;CL;085008-(2016-06-06)
61;Villalba;CALTANISSETTA;1373;CALTANISSETTA PROVINCIA NORD;119,4;75,58;194,98;61,24;194,98;0,0;CL;085022-(1948-01-01)
62;Montedoro;CALTANISSETTA;1327;CALTANISSETTA PROVINCIA NORD;127,8;35,14;162,94;78,43;162,94;0,0;CL;085011-(1861-03-17)
63;Sutera;CALTANISSETTA;1140;CALTANISSETTA PROVINCIA NORD;120,15;32,32;152,47;78,8;152,47;0,0;CL;085020-(2016-06-06)
64;Acquaviva Platani;CALTANISSETTA;834;CALTANISSETTA PROVINCIA NORD;118,39;55,22;173,61;68,19;173,61;0,0;CL;085001-(2016-06-06)
65;Bompensiere;CALTANISSETTA;469;CALTANISSETTA PROVINCIA NORD;37,54;22,68;60,22;62,34;60,22;0,0;CL;085002-(1861-03-17)
66;Catania;CATANIA;297517;CATANIA AREA METROPOLITANA;13782,56;29003,62;42786,18;32,21;42790,96;4,78;CT;087015-(1861-03-17)
67;Acireale;CATANIA;50579;CATANIA PROVINCIA NORD;5711,59;4391,5;10103,09;56,53;10103,57;0,48;CT;087004-(2016-06-06)
68;Misterbianco;CATANIA;48612;CATANIA AREA METROPOLITANA;6100,46;3835,27;9935,73;61,4;9952,41;16,68;CT;087029-(2016-06-06)
69;Paternò;CATANIA;44677;CATANIA AREA METROPOLITANA;1962,9;949,09;2911,99;67,41;2913,89;1,9;CT;087033-(1948-01-01)
70;Caltagirone;CATANIA;35439;CATANIA PROVINCIA SUD;3642,18;1989,6;5631,78;64,67;5631,93;0,16;CT;087011-(1861-03-17)
71;Adrano;CATANIA;33610;CATANIA PROVINCIA NORD;3173,9;1190,0;4363,9;72,73;4363,9;0,0;CT;087006-(2016-06-06)
72;Mascalucia;CATANIA;32040;CATANIA AREA METROPOLITANA;5192,05;1105,64;6297,69;82,44;6874,23;576,54;CT;087024-(2016-06-06)
73;Aci Catena;CATANIA;27505;CATANIA AREA METROPOLITANA;2314,48;1914,29;4228,77;54,73;4228,77;0,0;CT;087003-(2016-06-06)
74;Belpasso;CATANIA;28197;CATANIA AREA METROPOLITANA;1798,8;783,23;2582,03;69,67;2587,07;5,04;CT;087007-(2016-06-06)
75;Giarre;CATANIA;26536;CATANIA PROVINCIA NORD;0,0;0,0;0,0;0,0;0,0;0,0;CT;087017-(1861-03-17)
76;Gravina di Catania;CATANIA;25271;CATANIA AREA METROPOLITANA;1603,29;947,6;2550,88;62,85;2555,12;4,24;CT;087019-(2016-06-06)
77;Biancavilla;CATANIA;22880;CATANIA AREA METROPOLITANA;2257,53;767,96;3025,49;74,62;3025,49;0,0;CT;087008-(2016-06-06)
78;San Giovanni la Punta;CATANIA;24215;CATANIA AREA METROPOLITANA;889,58;868,27;1757,85;50,61;1757,85;0,0;CT;087041-(2016-06-06)
79;Tremestieri Etneo;CATANIA;19234;CATANIA AREA METROPOLITANA;1341,68;463,92;1805,6;74,31;1805,6;0,0;CT;087051-(2016-06-06)
80;Bronte;CATANIA;18179;CATANIA PROVINCIA NORD;1687,37;1041,76;2729,13;61,83;2729,13;0,0;CT;087009-(1948-01-01)
81;Aci Castello;CATANIA;17691;CATANIA AREA METROPOLITANA;2233,59;943,12;3176,71;70,31;3177,98;1,27;CT;087002-(2016-06-06)
82;Aci Sant'Antonio;CATANIA;18025;CATANIA AREA METROPOLITANA;1232,67;698,97;1931,64;63,81;1931,64;0,0;CT;087005-(2016-06-06)
83;Scordia;CATANIA;15999;CATANIA PROVINCIA SUD;1798,21;651,22;2449,43;73,41;2449,46;0,03;CT;087049-(2016-06-06)
84;Palagonia;CATANIA;15506;CATANIA PROVINCIA SUD;1474,65;616,76;2091,41;70,51;2091,43;0,02;CT;087032-(2016-06-06)
85;Riposto;CATANIA;13911;CATANIA PROVINCIA NORD;0,0;0,0;0,0;0,0;0,0;0,0;CT;087039-(1861-03-17)
86;Mascali;CATANIA;14390;CATANIA PROVINCIA NORD;1025,82;405,24;1431,06;71,68;1431,06;0,0;CT;087023-(2016-06-06)
87;Pedara;CATANIA;15401;CATANIA AREA METROPOLITANA;1322,46;228,6;1551,07;85,26;1551,07;0,0;CT;087034-(2016-06-06)
88;Grammichele;CATANIA;12292;CATANIA PROVINCIA SUD;1509,32;427,38;1936,7;77,93;1936,79;0,09;CT;087018-(2016-06-06)
89;Motta Sant'Anastasia;CATANIA;12120;CATANIA AREA METROPOLITANA;1460,56;703,37;2163,93;67,5;2166,41;2,48;CT;087030-(2016-06-06)
90;San Gregorio di Catania;CATANIA;11455;CATANIA AREA METROPOLITANA;918,54;371,22;1289,76;71,22;1289,76;0,0;CT;087042-(2016-06-06)
91;Randazzo;CATANIA;10041;CATANIA PROVINCIA NORD;746,39;249,5;995,89;74,95;996,69;0,8;CT;087038-(2016-06-06)
92;Trecastagni;CATANIA;11349;CATANIA AREA METROPOLITANA;1776,77;539,59;2316,36;76,71;2318,26;1,9;CT;087050-(2016-06-06)
93;Ramacca;CATANIA;10082;CATANIA PROVINCIA SUD;1044,62;437,66;1482,28;70,47;1482,28;0,0;CT;087037-(2016-06-06)
94;Fiumefreddo di Sicilia;CATANIA;8966;CATANIA PROVINCIA NORD;765,78;270,59;1036,36;73,89;1036,36;0,0;CT;087016-(2016-06-06)
95;Sant'Agata li Battiati;CATANIA;9197;CATANIA AREA METROPOLITANA;0,0;0,0;0,0;0,0;0,0;0,0;CT;087045-(2016-06-06)
96;Zafferana Etnea;CATANIA;9352;CATANIA AREA METROPOLITANA;0,0;0,0;0,0;0,0;0,0;0,0;CT;087055-(2016-06-06)
97;Santa Venerina;CATANIA;8411;CATANIA PROVINCIA NORD;1314,85;130,86;1445,71;90,95;1445,71;0,0;CT;087048-(2016-06-06)
98;Viagrande;CATANIA;8923;CATANIA AREA METROPOLITANA;927,21;300,88;1228,09;75,5;1229,51;1,42;CT;087053-(2016-06-06)
99;Valverde;CATANIA;7794;CATANIA AREA METROPOLITANA;636,15;284,11;920,26;69,13;920,26;0,0;CT;087052-(2016-06-06)
100;Santa Maria di Licodia;CATANIA;7576;CATANIA AREA METROPOLITANA;739,3;375,45;1114,75;66,32;1114,75;0,0;CT;087047-(2016-06-06)
101;San Pietro Clarenza;CATANIA;8342;CATANIA AREA METROPOLITANA;1180,04;267,58;1447,62;81,52;1454,26;6,64;CT;087044-(2016-06-06)
102;Militello in Val di Catania;CATANIA;6636;CATANIA PROVINCIA SUD;664,63;262,36;926,99;71,7;926,99;0,0;CT;087025-(2016-06-06)
103;Nicolosi;CATANIA;7694;CATANIA AREA METROPOLITANA;1267,37;565,1;1832,47;69,16;1832,47;0,0;CT;087031-(2016-06-06)
104;Vizzini;CATANIA;5640;CATANIA PROVINCIA SUD;501,81;292,84;794,65;63,15;794,65;0,0;CT;087054-(2016-06-06)
105;Linguaglossa;CATANIA;5027;CATANIA PROVINCIA NORD;378,88;141,35;520,24;72,83;520,24;0,0;CT;087021-(2016-06-06)
106;Calatabiano;CATANIA;5125;CATANIA PROVINCIA NORD;272,04;111,72;383,76;70,89;383,76;0,0;CT;087010-(2016-06-06)
107;Mineo;CATANIA;4369;CATANIA PROVINCIA SUD;423,8;150,14;573,94;73,84;573,94;0,0;CT;087027-(2016-06-06)
108;Mirabella Imbaccari;CATANIA;4157;CATANIA PROVINCIA SUD;480,47;191,64;672,11;71,49;672,11;0,0;CT;087028-(2016-06-06)
109;Camporotondo Etneo;CATANIA;5211;CATANIA AREA METROPOLITANA;429,52;96,51;526,04;81,65;526,04;0,0;CT;087012-(2016-06-06)
110;Castel di Iudica;CATANIA;4225;CATANIA PROVINCIA SUD;424,96;140,0;564,96;75,22;564,96;0,0;CT;087013-(2016-06-06)
111;Mazzarrone;CATANIA;3986;CATANIA PROVINCIA SUD;452,87;140,82;593,69;76,28;593,69;0,01;CT;087056-(2016-06-06)
112;Piedimonte Etneo;CATANIA;3876;CATANIA PROVINCIA NORD;283,31;103,63;386,93;73,22;386,93;0,0;CT;087035-(2016-06-06)
113;Maletto;CATANIA;3549;CATANIA PROVINCIA NORD;391,5;96,94;488,44;80,15;488,44;0,0;CT;087022-(2016-06-06)
114;Ragalna;CATANIA;4310;CATANIA AREA METROPOLITANA;0,0;0,0;0,0;0,0;0,0;0,0;CT;087058-(2016-06-06)
115;Maniace;CATANIA;3748;CATANIA PROVINCIA NORD;0,0;0,0;0,0;0,0;0,0;0,0;CT;087057-(2016-06-06)
116;Aci Bonaccorsi;CATANIA;3556;CATANIA AREA METROPOLITANA;378,28;89,24;467,52;80,91;467,52;0,0;CT;087001-(2016-06-06)
117;Castiglione di Sicilia;CATANIA;2855;CATANIA PROVINCIA NORD;341,72;113,4;455,12;75,08;455,12;0,0;CT;087014-(2016-06-06)
118;San Michele di Ganzaria;CATANIA;2797;CATANIA PROVINCIA SUD;334,27;89,28;423,55;78,92;423,55;0,0;CT;087043-(2016-06-06)
119;Raddusa;CATANIA;2766;CATANIA PROVINCIA SUD;290,78;91,58;382,36;76,05;382,36;0,0;CT;087036-(2016-06-06)
120;Licodia Eubea;CATANIA;2761;CATANIA PROVINCIA SUD;258,91;74,52;333,43;77,65;333,43;0,0;CT;087020-(2016-06-06)
121;San Cono;CATANIA;2423;CATANIA PROVINCIA SUD;241,82;74,14;315,96;76,53;315,96;0,0;CT;087040-(2016-06-06)
122;Sant'Alfio;CATANIA;1512;CATANIA AREA METROPOLITANA;116,39;43,22;159,61;72,92;159,85;0,24;CT;087046-(1948-01-01)
123;Milo;CATANIA;1026;CATANIA AREA METROPOLITANA;98,52;33,25;131,77;74,77;131,77;0,0;CT;087026-(2016-06-06)
124;Enna;ENNA;25079;ENNA PROVINCIA;2340,79;1096,16;3436,95;68,11;3436,95;0,0;EN;086009-(2016-06-06)
125;Piazza Armerina;ENNA;20529;CALTANISSETTA PROVINCIA SUD;1802,5;1156,9;2959,4;60,91;2963,35;3,96;EN;086014-(2016-06-06)
126;Nicosia;ENNA;12502;ENNA PROVINCIA;1095,68;543,7;1639,38;66,84;1639,38;0,0;EN;086012-(2016-06-06)
127;Leonforte;ENNA;12105;ENNA PROVINCIA;886,79;465,69;1352,48;65,57;1352,48;0,0;EN;086011-(2016-06-06)
128;Barrafranca;ENNA;11524;ENNA PROVINCIA;0,0;0,0;0,0;0,0;0,0;0,0;EN;086004-(2016-06-06)
129;Troina;ENNA;8320;ENNA PROVINCIA;720,27;177,32;897,59;80,24;897,59;0,0;EN;086018-(2016-06-06)
130;Agira;ENNA;7549;ENNA PROVINCIA;604,04;255,61;859,65;70,27;859,65;0,0;EN;086001-(2016-06-06)
131;Valguarnera Caropepe;ENNA;6781;ENNA PROVINCIA;526,26;206,75;733,01;71,79;733,01;0,0;EN;086019-(2016-06-06)
132;Regalbuto;ENNA;6587;ENNA PROVINCIA;398,55;204,16;602,71;66,13;602,71;0,0;EN;086016-(2016-06-06)
133;Pietraperzia;ENNA;6251;ENNA PROVINCIA;177,68;346,96;524,64;33,87;524,84;0,2;EN;086015-(2016-06-06)
134;Centuripe;ENNA;4980;ENNA PROVINCIA;234,38;145,85;380,23;61,64;380,23;0,0;EN;086007-(2016-06-06)
135;Assoro;ENNA;4748;ENNA PROVINCIA;160,6;75,23;235,83;68,1;235,83;0,0;EN;086003-(2016-06-06)
136;Villarosa;ENNA;4278;ENNA PROVINCIA;387,28;83,14;470,42;82,33;471,04;0,62;EN;086020-(2016-06-06)
137;Catenanuova;ENNA;4494;ENNA PROVINCIA;506,59;169,27;675,86;74,95;675,86;0,0;EN;086006-(2016-06-06)
138;Aidone;ENNA;4199;ENNA PROVINCIA;0,0;0,0;0,0;0,0;0,0;0,0;EN;086002-(2016-06-06)
139;Calascibetta;ENNA;3979;ENNA PROVINCIA;239,3;160,81;400,11;59,81;400,11;0,0;EN;086005-(2016-06-06)
140;Gagliano Castelferrato;ENNA;3147;ENNA PROVINCIA;234,94;148,14;383,08;61,33;383,08;0,0;EN;086010-(2016-06-06)
141;Nissoria;ENNA;2794;ENNA PROVINCIA;268,5;153,23;421,73;63,67;421,73;0,0;EN;086013-(2016-06-06)
142;Cerami;ENNA;1883;ENNA PROVINCIA;86,88;26,98;113,86;76,3;113,86;0,0;EN;086008-(2016-06-06)
143;Sperlinga;ENNA;658;ENNA PROVINCIA;0,0;0,0;0,0;0,0;0,0;0,0;EN;086017-(2016-06-06)
144;Messina;MESSINA;216918;MESSINA AREA METROPOLITANA;9517,29;6778,34;16295,63;58,4;16295,89;0,26;ME;083048-(1866-02-12)
145;Barcellona Pozzo di Gotto;MESSINA;39778;MESSINA AREA METROPOLITANA;4773,91;2168,0;6941,91;68,77;6941,91;0,0;ME;083005-(2016-06-06)
146;Milazzo;MESSINA;29830;MESSINA AREA METROPOLITANA;2535,24;1091,55;3626,79;69,9;3626,79;0,0;ME;083049-(2016-06-06)
147;Patti;MESSINA;12674;MESSINA PROVINCIA;1241,66;659,38;1901,04;65,31;1901,04;0,0;ME;083066-(2016-06-06)
148;Capo d'Orlando;MESSINA;13061;MESSINA PROVINCIA;1357,3;216,14;1573,44;86,26;1573,44;0,0;ME;083009-(2016-06-06)
149;Sant'Agata di Militello;MESSINA;12036;MESSINA PROVINCIA;0,0;0,0;0,0;0,0;0,0;0,0;ME;083084-(2016-06-06)
150;Lipari;MESSINA;12793;ISOLE EOLIE;984,0;995,64;1979,64;49,71;1979,64;0,0;ME;083041-(1861-03-17)
151;Taormina;MESSINA;10433;MESSINA AREA METROPOLITANA;72,68;976,52;1049,2;6,93;1049,2;0,0;ME;083097-(1928-11-10)
152;Giardini-Naxos;MESSINA;9377;MESSINA AREA METROPOLITANA;1363,36;652,86;2016,22;67,62;2016,22;0,0;ME;083032-(2016-06-06)
153;Santa Teresa di Riva;MESSINA;9200;MESSINA AREA METROPOLITANA;865,18;234,12;1099,3;78,7;1099,3;0,0;ME;083089-(1919-08-09)
154;Villafranca Tirrena;MESSINA;7789;MESSINA AREA METROPOLITANA;664,38;213,8;878,18;75,65;878,18;0,0;ME;083105-(1948-01-01)
155;Torregrotta;MESSINA;7243;MESSINA AREA METROPOLITANA;415,86;267,96;683,82;60,81;683,82;0,0;ME;083098-(2016-06-06)
156;Terme Vigliatore;MESSINA;7308;MESSINA AREA METROPOLITANA;446,68;198,94;645,62;69,19;645,62;0,0;ME;083106-(2016-06-06)
157;San Filippo del Mela;MESSINA;6657;MESSINA AREA METROPOLITANA;474,21;122,34;596,55;79,49;596,55;0,0;ME;083077-(2016-06-06)
158;Gioiosa Marea;MESSINA;6715;MESSINA PROVINCIA;0,0;0,0;0,0;0,0;0,0;0,0;ME;083033-(2016-06-06)
159;Rometta;MESSINA;6544;MESSINA AREA METROPOLITANA;351,85;91,1;442,95;79,43;442,95;0,0;ME;083076-(2016-06-06)
160;Tortorici;MESSINA;5523;MESSINA PROVINCIA;0,0;0,0;0,0;0,0;0,0;0,0;ME;083099-(2016-06-06)
161;Pace del Mela;MESSINA;5969;MESSINA AREA METROPOLITANA;0,0;0,0;0,0;0,0;0,0;0,0;ME;083064-(1921-05-12)
162;Brolo;MESSINA;5735;MESSINA PROVINCIA;424,43;176,66;601,09;70,61;601,09;0,0;ME;083007-(2016-06-06)
163;Acquedolci;MESSINA;5514;MESSINA PROVINCIA;645,07;144,58;789,65;81,69;789,65;0,0;ME;083107-(2016-06-06)
164;Spadafora;MESSINA;4637;MESSINA AREA METROPOLITANA;473,72;233,22;706,95;67,01;706,95;0,0;ME;083096-(1929-06-13)
165;Mistretta;MESSINA;4228;MESSINA PROVINCIA;348,48;129,6;478,08;72,89;478,08;0,0;ME;083052-(2016-06-06)
166;Santo Stefano di Camastra;MESSINA;4356;MESSINA PROVINCIA;478,19;164,3;642,49;74,43;642,49;0,0;ME;083091-(2016-06-06)
167;Santa Lucia del Mela;MESSINA;4378;MESSINA AREA METROPOLITANA;180,65;70,16;250,81;72,03;250,81;0,0;ME;083086-(1921-05-12)
168;Capri Leone;MESSINA;4388;MESSINA PROVINCIA;0,0;0,0;0,0;0,0;0,0;0,0;ME;083010-(1948-01-01)
169;Torrenova;MESSINA;4486;MESSINA PROVINCIA;658,1;148,66;806,76;81,57;806,76;0,0;ME;083108-(2016-06-06)
170;Roccalumera;MESSINA;4150;MESSINA AREA METROPOLITANA;0,0;0,0;0,0;0,0;0,0;0,0;ME;083072-(1880-07-01)
171;Saponara;MESSINA;3658;MESSINA AREA METROPOLITANA;458,51;110,54;569,05;80,57;569,05;0,0;ME;083092-(1861-03-17)
172;Francavilla di Sicilia;MESSINA;3524;MESSINA PROVINCIA;168,22;82,98;251,2;66,97;251,2;0,0;ME;083025-(2016-06-06)
173;Piraino;MESSINA;3745;MESSINA PROVINCIA;0,0;0,0;0,0;0,0;0,0;0,0;ME;083068-(2016-06-06)
174;Venetico;MESSINA;3922;MESSINA AREA METROPOLITANA;371,81;262,92;634,73;58,58;634,73;0,0;ME;083104-(1861-03-17)
175;Naso;MESSINA;3377;MESSINA PROVINCIA;341,69;85,39;427,08;80,01;429,78;2,7;ME;083060-(2016-06-06)
176;Furnari;MESSINA;4171;MESSINA AREA METROPOLITANA;497,09;126,1;623,19;79,77;623,19;0,0;ME;083028-(2016-06-06)
177;San Fratello;MESSINA;3189;MESSINA PROVINCIA;142,51;55,7;198,21;71,9;198,21;0,0;ME;083078-(1948-01-01)
178;Nizza di Sicilia;MESSINA;3483;MESSINA AREA METROPOLITANA;355,66;144,07;499,73;71,17;499,73;0,0;ME;083061-(1863-05-27)
179;Caronia;MESSINA;2937;MESSINA PROVINCIA;125,74;68,42;194,16;64,76;194,16;0,0;ME;083011-(2016-06-06)
180;Furci Siculo;MESSINA;3252;MESSINA AREA METROPOLITANA;258,58;72,04;330,62;78,21;330,62;0,0;ME;083027-(1919-08-09)
181;Capizzi;MESSINA;2768;MESSINA PROVINCIA;0,0;0,0;0,0;0,0;0,0;0,0;ME;083008-(2016-06-06)
182;Gaggi;MESSINA;3087;MESSINA AREA METROPOLITANA;252,29;129,96;382,25;66,0;382,25;0,0;ME;083029-(2016-06-06)
183;Castell'Umberto;MESSINA;2776;MESSINA PROVINCIA;225,88;52,85;278,73;81,04;278,73;0,0;ME;083014-(2016-06-06)
184;Sant'Angelo di Brolo;MESSINA;2680;MESSINA PROVINCIA;0,0;0,0;0,0;0,0;0,0;0,0;ME;083088-(2016-06-06)
185;Tusa;MESSINA;2480;MESSINA PROVINCIA;0,0;0,0;0,0;0,0;0,0;0,0;ME;083101-(2016-06-06)
186;San Piero Patti;MESSINA;2586;MESSINA PROVINCIA;263,86;83,66;347,52;75,93;347,52;0,0;ME;083081-(2016-06-06)
187;San Pier Niceto;MESSINA;2544;MESSINA AREA METROPOLITANA;232,1;130,6;362,7;63,99;362,7;0,0;ME;083080-(2016-06-06)
188;Letojanni;MESSINA;2928;MESSINA AREA METROPOLITANA;374,55;312,3;686,85;54,53;686,85;0,0;ME;083038-(2016-06-06)
189;Monforte San Giorgio;MESSINA;2434;MESSINA AREA METROPOLITANA;236,55;118,08;354,63;66,7;354,63;0,0;ME;083054-(2016-06-06)
190;Falcone;MESSINA;2803;MESSINA PROVINCIA;304,2;128,28;432,48;70,34;432,48;0,0;ME;083019-(2016-06-06)
191;Sinagra;MESSINA;2442;MESSINA PROVINCIA;191,97;8,27;200,24;95,87;200,24;0,0;ME;083095-(2016-06-06)
192;Galati Mamertino;MESSINA;2151;MESSINA PROVINCIA;193,86;51,38;245,24;79,05;245,24;0,0;ME;083030-(2016-06-06)
193;Alì Terme;MESSINA;2302;MESSINA AREA METROPOLITANA;282,56;81,72;364,28;77,57;364,28;0,0;ME;083003-(2016-06-06)
194;Castroreale;MESSINA;2258;MESSINA AREA METROPOLITANA;162,7;59,89;222,59;73,09;222,59;0,0;ME;083016-(1861-03-17)
195;Cesarò;MESSINA;2083;MESSINA PROVINCIA;150,15;96,14;246,29;60,97;246,29;0,0;ME;083017-(1861-03-17)
196;Merì;MESSINA;2354;MESSINA AREA METROPOLITANA;0,0;0,0;0,0;0,0;0,0;0,0;ME;083047-(2016-06-06)
197;Montalbano Elicona;MESSINA;2117;MESSINA PROVINCIA;99,92;50,16;150,08;66,58;150,08;0,0;ME;083057-(2016-06-06)
198;Oliveri;MESSINA;2204;MESSINA PROVINCIA;378,41;82,74;461,15;82,06;461,15;0,0;ME;083063-(2016-06-06)
199;Scaletta Zanclea;MESSINA;1842;MESSINA AREA METROPOLITANA;180,71;91,06;271,77;66,49;271,77;0,0;ME;083094-(2016-06-06)
200;Rodì Milici;MESSINA;1952;MESSINA PROVINCIA;185,83;58,34;244,17;76,11;244,17;0,0;ME;083075-(2016-06-06)
201;San Marco d'Alunzio;MESSINA;1793;MESSINA PROVINCIA;169,87;51,39;221,26;76,77;221,26;0,0;ME;083079-(1948-01-01)
202;Alcara li Fusi;MESSINA;1616;MESSINA PROVINCIA;67,67;19,39;87,06;77,73;87,06;0,0;ME;083001-(2016-06-06)
203;Gualtieri Sicaminò;MESSINA;1538;MESSINA AREA METROPOLITANA;0,0;0,0;0,0;0,0;0,0;0,0;ME;083035-(2016-06-06)
204;Savoca;MESSINA;1751;MESSINA AREA METROPOLITANA;148,67;72,8;221,47;67,13;221,47;0,0;ME;083093-(1861-03-17)
205;Librizzi;MESSINA;1547;MESSINA PROVINCIA;76,16;22,44;98,6;77,24;98,6;0,0;ME;083039-(2016-06-06)
206;Itala;MESSINA;1509;MESSINA AREA METROPOLITANA;0,0;0,0;0,0;0,0;0,0;0,0;ME;083036-(1861-03-17)
207;Montagnareale;MESSINA;1352;MESSINA PROVINCIA;81,35;16,82;98,17;82,87;98,17;0,0;ME;083056-(2016-06-06)
208;Mazzarrà Sant'Andrea;MESSINA;1418;MESSINA PROVINCIA;79,19;19,88;99,07;79,93;99,07;0,0;ME;083046-(2016-06-06)
209;Sant'Alessio Siculo;MESSINA;1549;MESSINA AREA METROPOLITANA;186,38;148,0;334,38;55,74;334,38;0,0;ME;083085-(2016-06-06)
210;Graniti;MESSINA;1463;MESSINA PROVINCIA;97,53;45,82;143,36;68,04;143,36;0,0;ME;083034-(2016-06-06)
211;Longi;MESSINA;1273;MESSINA PROVINCIA;130,89;13,37;144,26;90,73;144,26;0,0;ME;083042-(2016-06-06)
212;Ficarra;MESSINA;1273;MESSINA PROVINCIA;103,27;23,06;126,33;81,75;126,33;0,0;ME;083020-(2016-06-06)
213;Fiumedinisi;MESSINA;1352;MESSINA AREA METROPOLITANA;81,37;37,16;118,53;68,65;118,53;0,0;ME;083021-(2016-06-06)
214;San Teodoro;MESSINA;1210;MESSINA PROVINCIA;102,07;33,64;135,71;75,21;135,71;0,0;ME;083090-(1861-03-17)
215;Novara di Sicilia;MESSINA;1074;MESSINA PROVINCIA;0,0;0,0;0,0;0,0;0,0;0,0;ME;083062-(1948-01-01)
216;Pettineo;MESSINA;1238;MESSINA PROVINCIA;0,0;0,0;0,0;0,0;0,0;0,0;ME;083067-(2016-06-06)
217;Valdina;MESSINA;1234;MESSINA AREA METROPOLITANA;86,55;100,26;186,81;46,33;186,81;0,0;ME;083103-(1861-03-17)
218;Militello Rosmarino;MESSINA;1178;MESSINA PROVINCIA;77,28;38,93;116,21;66,5;116,21;0,0;ME;083050-(2016-06-06)
219;Castel di Lucio;MESSINA;1400;MESSINA PROVINCIA;102,27;13,8;116,07;88,11;119,87;3,8;ME;083013-(2016-06-06)
220;San Salvatore di Fitalia;MESSINA;1112;MESSINA PROVINCIA;85,98;22,09;108,07;79,56;108,97;0,9;ME;083082-(2016-06-06)
221;Pagliara;MESSINA;1117;MESSINA AREA METROPOLITANA;86,79;27,2;113,99;76,14;113,99;0,0;ME;083065-(2016-06-06)
222;Roccavaldina;MESSINA;991;MESSINA AREA METROPOLITANA;65,85;55,14;120,99;54,42;120,99;0,0;ME;083073-(1863-05-27)
223;Castelmola;MESSINA;1073;MESSINA AREA METROPOLITANA;117,67;41,62;159,29;73,87;159,29;0,0;ME;083015-(2016-06-06)
224;Ucria;MESSINA;859;MESSINA PROVINCIA;55,49;10,97;66,46;83,49;66,46;0,0;ME;083102-(2016-06-06)
225;Raccuja;MESSINA;836;MESSINA PROVINCIA;38,52;12,81;51,33;75,05;51,33;0,0;ME;083069-(2016-06-06)
226;Fondachelli-Fantina;MESSINA;1150;MESSINA PROVINCIA;0,0;0,0;0,0;0,0;0,0;0,0;ME;083023-(2016-06-06)
227;Santa Domenica Vittoria;MESSINA;855;MESSINA PROVINCIA;0,0;0,0;0,0;0,0;0,0;0,0;ME;083083-(2016-06-06)
228;Mirto;MESSINA;862;MESSINA PROVINCIA;0,0;0,0;0,0;0,0;0,0;0,0;ME;083051-(2016-06-06)
229;Malfa;MESSINA;984;ISOLE EOLIE;92,28;81,48;173,76;53,11;177,46;3,7;ME;083043-(2016-06-06)
230;Santa Marina Salina;MESSINA;852;ISOLE EOLIE;89,76;82,92;172,68;51,98;172,68;0,0;ME;083087-(2016-06-06)
231;Antillo;MESSINA;781;MESSINA AREA METROPOLITANA;61,98;10,76;72,74;85,21;72,74;0,0;ME;083004-(2016-06-06)
232;Forza d'Agrò;MESSINA;931;MESSINA AREA METROPOLITANA;128,31;44,4;172,71;74,29;172,71;0,0;ME;083024-(1948-01-01)
233;Tripi;MESSINA;717;MESSINA PROVINCIA;0,0;0,0;0,0;0,0;0,0;0,0;ME;083100-(2016-06-06)
234;Casalvecchio Siculo;MESSINA;701;MESSINA AREA METROPOLITANA;52,71;14,88;67,59;77,98;67,89;0,3;ME;083012-(1862-12-09)
235;Limina;MESSINA;721;MESSINA AREA METROPOLITANA;25,52;19,85;45,37;56,25;45,37;0,0;ME;083040-(2016-06-06)
236;Motta Camastra;MESSINA;768;MESSINA PROVINCIA;0,0;0,0;0,0;0,0;0,0;0,0;ME;083058-(2016-06-06)
237;Reitano;MESSINA;715;MESSINA PROVINCIA;13,68;21,82;35,5;38,54;35,5;0,0;ME;083070-(2016-06-06)
238;Alì;MESSINA;614;MESSINA AREA METROPOLITANA;35,28;16,67;51,95;67,91;51,95;0,0;ME;083002-(1861-03-17)
239;Motta d'Affermo;MESSINA;646;MESSINA PROVINCIA;0,0;0,0;0,0;0,0;0,0;0,0;ME;083059-(2016-06-06)
240;Malvagna;MESSINA;598;MESSINA PROVINCIA;0,0;0,0;0,0;0,0;0,0;0,0;ME;083044-(2016-06-06)
241;Frazzanò;MESSINA;536;MESSINA PROVINCIA;0,0;0,0;0,0;0,0;0,0;0,0;ME;083026-(2016-06-06)
242;Moio Alcantara;MESSINA;687;MESSINA PROVINCIA;32,34;24,88;57,22;56,52;57,22;0,0;ME;083053-(2016-06-06)
243;Leni;MESSINA;678;ISOLE EOLIE;17,52;27,68;45,2;38,76;45,2;0,0;ME;083037-(2016-06-06)
244;Roccella Valdemone;MESSINA;538;MESSINA PROVINCIA;0,0;0,0;0,0;0,0;0,0;0,0;ME;083074-(2016-06-06)
245;Basicò;MESSINA;655;MESSINA PROVINCIA;36,58;43,64;80,22;45,6;80,22;0,0;ME;083006-(2016-06-06)
246;Mandanici;MESSINA;485;MESSINA AREA METROPOLITANA;49,1;12,82;61,92;79,3;61,92;0,0;ME;083045-(2016-06-06)
247;Mongiuffi Melia;MESSINA;513;MESSINA AREA METROPOLITANA;37,72;21,09;58,81;64,14;58,81;0,0;ME;083055-(1861-03-17)
248;Condrò;MESSINA;493;MESSINA AREA METROPOLITANA;34,15;22,72;56,87;60,05;56,87;0,0;ME;083018-(2016-06-06)
249;Floresta;MESSINA;460;MESSINA PROVINCIA;30,3;14,48;44,78;67,66;44,78;0,0;ME;083022-(2016-06-06)
250;Gallodoro;MESSINA;323;MESSINA AREA METROPOLITANA;32,78;14,09;46,87;69,94;46,87;0,0;ME;083031-(2016-06-06)
251;Roccafiorita;MESSINA;160;MESSINA AREA METROPOLITANA;8,37;1,21;9,58;87,37;9,58;0,0;ME;083071-(1861-03-17)
252;Palermo;PALERMO;625956;PALERMO AREA METROPOLITANA;14928,37;74877,33;89805,71;16,62;89926,44;120,74;PA;082053-(1861-03-17)
253;Bagheria;PALERMO;52904;PALERMO AREA METROPOLITANA;0,0;0,0;0,0;0,0;0,0;0,0;PA;082006-(2016-06-06)
254;Monreale;PALERMO;38690;PALERMO PROVINCIA OVEST;2480,76;1056,9;3537,66;70,12;3537,66;0,0;PA;082049-(1861-03-17)
255;Carini;PALERMO;40641;PALERMO AREA METROPOLITANA;3429,24;1209,79;4639,03;73,92;4639,03;0,0;PA;082021-(1948-01-01)
256;Partinico;PALERMO;30636;PALERMO AREA METROPOLITANA;2978,28;840,35;3818,63;77,99;3818,63;0,0;PA;082054-(1948-01-01)
257;Misilmeri;PALERMO;29032;PALERMO PROVINCIA OVEST;2961,1;792,46;3753,56;78,89;3756,32;2,76;PA;082048-(2016-06-06)
258;Termini Imerese;PALERMO;24716;PALERMO PROVINCIA EST;0,0;0,0;0,0;0,0;0,0;0,0;PA;082070-(2016-06-06)
259;Villabate;PALERMO;19435;PALERMO AREA METROPOLITANA;1672,8;857,68;2530,48;66,11;2530,48;0,0;PA;082079-(2016-06-06)
260;Cefalù;PALERMO;13840;PALERMO PROVINCIA EST;1879,8;755,55;2635,35;71,33;2635,35;0,0;PA;082027-(2016-06-06)
261;Ficarazzi;PALERMO;12802;PALERMO AREA METROPOLITANA;528,17;602,48;1130,65;46,71;1130,65;0,0;PA;082035-(2016-06-06)
262;Cinisi;PALERMO;12135;PALERMO AREA METROPOLITANA;977,03;141,45;1118,48;87,35;1123,14;4,66;PA;082031-(2016-06-06)
263;Terrasini;PALERMO;13083;PALERMO AREA METROPOLITANA;1161,46;175,42;1336,88;86,88;1336,88;0,0;PA;082071-(2016-06-06)
264;Casteldaccia;PALERMO;11703;PALERMO AREA METROPOLITANA;1152,17;619,38;1771,55;65,04;1771,55;0,0;PA;082023-(2016-06-06)
265;Capaci;PALERMO;11365;PALERMO AREA METROPOLITANA;50,28;369,25;419,53;11,98;419,53;0,0;PA;082020-(2016-06-06)
266;Belmonte Mezzagno;PALERMO;10758;PALERMO AREA METROPOLITANA;491,47;223,22;714,69;68,77;729,83;15,14;PA;082009-(2016-06-06)
267;Corleone;PALERMO;10219;PALERMO PROVINCIA OVEST;852,31;312,58;1164,89;73,17;1164,89;0,0;PA;082034-(1948-01-01)
268;Santa Flavia;PALERMO;10980;PALERMO AREA METROPOLITANA;972,26;364,26;1336,52;72,75;1336,52;0,0;PA;082067-(2016-06-06)
269;Trabia;PALERMO;10681;PALERMO PROVINCIA EST;1045,85;592,9;1638,75;63,82;1638,75;0,0;PA;082073-(2016-06-06)
270;Altofonte;PALERMO;9686;PALERMO AREA METROPOLITANA;332,82;141,35;474,17;70,19;474,17;0,0;PA;082005-(2016-06-06)
271;Castelbuono;PALERMO;7928;PALERMO PROVINCIA EST;595,27;259,76;855,03;69,62;855,03;0,0;PA;082022-(2016-06-06)
272;San Giuseppe Jato;PALERMO;7962;PALERMO PROVINCIA OVEST;832,2;57,08;889,28;93,58;889,28;0,0;PA;082064-(2016-06-06)
273;Caccamo;PALERMO;7563;PALERMO PROVINCIA EST;0,0;0,0;0,0;0,0;0,0;0,0;PA;082014-(2016-06-06)
274;Altavilla Milicia;PALERMO;8927;PALERMO PROVINCIA EST;402,2;318,02;720,22;55,84;720,22;0,0;PA;082004-(2016-06-06)
275;Campofelice di Roccella;PALERMO;7796;PALERMO PROVINCIA EST;689,07;387,85;1076,92;63,99;1102,33;25,41;PA;082017-(2016-06-06)
276;Borgetto;PALERMO;7137;PALERMO AREA METROPOLITANA;485,28;184,18;669,46;72,49;669,46;0,0;PA;082013-(2016-06-06)
277;Isola delle Femmine;PALERMO;6975;PALERMO AREA METROPOLITANA;367,1;382,14;749,24;49,0;749,24;0,0;PA;082043-(2016-06-06)
278;Gangi;PALERMO;5998;PALERMO PROVINCIA EST;316,23;120,96;437,18;72,33;437,18;0,0;PA;082036-(2016-06-06)
279;Lercara Friddi;PALERMO;6078;PALERMO PROVINCIA OVEST;546,69;207,16;753,85;72,52;753,85;0,0;PA;082045-(1948-01-01)
280;Marineo;PALERMO;5973;PALERMO PROVINCIA OVEST;631,49;112,8;744,29;84,84;744,29;0,0;PA;082046-(2016-06-06)
281;Balestrate;PALERMO;6334;PALERMO AREA METROPOLITANA;318,74;58,33;377,07;84,53;377,07;0,0;PA;082007-(1948-01-01)
282;Montelepre;PALERMO;5671;PALERMO AREA METROPOLITANA;370,99;66,01;437,0;84,89;437,12;0,12;PA;082050-(2016-06-06)
283;Piana degli Albanesi;PALERMO;5226;PALERMO PROVINCIA OVEST;354,48;77,04;431,52;82,15;431,52;0,0;PA;082057-(2016-06-06)
284;San Cipirello;PALERMO;4838;PALERMO PROVINCIA OVEST;457,93;43,26;501,19;91,37;501,19;0,0;PA;082063-(2016-06-06)
285;Cerda;PALERMO;4824;PALERMO PROVINCIA EST;397,79;136,74;534,53;74,42;534,53;0,0;PA;082028-(2016-06-06)
286;Prizzi;PALERMO;4071;PALERMO PROVINCIA OVEST;386,18;79,62;465,8;82,91;465,8;0,0;PA;082060-(2016-06-06)
287;Bisacquino;PALERMO;4000;PALERMO PROVINCIA OVEST;428,36;147,64;576,0;74,37;576,0;0,0;PA;082010-(2016-06-06)
288;Torretta;PALERMO;4433;PALERMO AREA METROPOLITANA;206,2;82,18;288,38;71,5;288,38;0,0;PA;082072-(1861-03-17)
289;Bolognetta;PALERMO;4063;PALERMO PROVINCIA OVEST;355,85;104,96;460,81;77,22;460,81;0,0;PA;082011-(2016-06-06)
290;Collesano;PALERMO;3607;PALERMO PROVINCIA EST;240,85;106,53;347,38;69,33;351,12;3,74;PA;082032-(2016-06-06)
291;Caltavuturo;PALERMO;3372;PALERMO PROVINCIA EST;193,98;142,84;336,82;57,59;336,82;0,0;PA;082015-(2016-06-06)
292;Ciminna;PALERMO;3336;PALERMO PROVINCIA EST;346,62;114,6;461,22;75,15;461,22;0,0;PA;082030-(2016-06-06)
293;Alia;PALERMO;3171;PALERMO PROVINCIA EST;237,24;108,43;345,66;68,63;345,66;0,0;PA;082001-(2016-06-06)
294;Valledolmo;PALERMO;3079;PALERMO PROVINCIA EST;274,99;85,44;360,43;76,29;360,43;0,0;PA;082076-(2016-06-06)
295;Lascari;PALERMO;3727;PALERMO PROVINCIA EST;324,78;84,95;409,73;79,27;423,98;14,26;PA;082044-(2016-06-06)
296;Polizzi Generosa;PALERMO;2796;PALERMO PROVINCIA EST;215,77;122,78;338,55;63,73;338,55;0,0;PA;082058-(2016-06-06)
297;Castellana Sicula;PALERMO;2917;PALERMO PROVINCIA EST;234,14;115,22;349,36;67,02;349,36;0,0;PA;082024-(1948-01-01)
298;Montemaggiore Belsito;PALERMO;2822;PALERMO PROVINCIA EST;224,4;102,47;326,87;68,65;333,14;6,27;PA;082051-(2016-06-06)
299;Camporeale;PALERMO;2875;PALERMO PROVINCIA OVEST;336,36;42,7;379,06;88,74;379,06;0,0;PA;082019-(2016-06-06)
300;Petralia Soprana;PALERMO;2866;PALERMO PROVINCIA EST;173,21;64,38;237,59;72,9;237,59;0,0;PA;082055-(2016-06-06)
301;Villafrati;PALERMO;3079;PALERMO PROVINCIA EST;275,97;115,92;391,89;70,42;391,89;0,0;PA;082080-(2016-06-06)
302;Trappeto;PALERMO;3127;PALERMO AREA METROPOLITANA;367,87;56,62;424,49;86,66;424,49;0,0;PA;082074-(2016-06-06)
303;Castronovo di Sicilia;PALERMO;2770;PALERMO PROVINCIA OVEST;215,43;102,58;318,01;67,74;318,01;0,0;PA;082025-(2016-06-06)
304;Pollina;PALERMO;2819;PALERMO PROVINCIA EST;215,69;81,27;296,96;72,63;296,96;0,0;PA;082059-(2016-06-06)
305;Mezzojuso;PALERMO;2531;PALERMO PROVINCIA EST;165,56;87,82;253,38;65,34;253,38;0,0;PA;082047-(2016-06-06)
306;Vicari;PALERMO;2370;PALERMO PROVINCIA OVEST;0,0;0,0;0,0;0,0;0,0;0,0;PA;082078-(1948-01-01)
307;Chiusa Sclafani;PALERMO;2434;PALERMO PROVINCIA OVEST;243,2;112,42;355,62;68,39;355,62;0,0;PA;082029-(2016-06-06)
308;Petralia Sottana;PALERMO;2382;PALERMO PROVINCIA EST;203,28;94,88;298,16;68,18;298,16;0,0;PA;082056-(1861-03-17)
309;Sciara;PALERMO;2438;PALERMO PROVINCIA EST;253,75;48,32;302,07;84,0;302,07;0,0;PA;082068-(2016-06-06)
310;Roccapalumba;PALERMO;2117;PALERMO PROVINCIA OVEST;170,38;64,08;234,46;72,67;234,46;0,0;PA;082062-(2016-06-06)
311;Giardinello;PALERMO;2230;PALERMO AREA METROPOLITANA;121,89;22,94;144,83;84,16;144,83;0,0;PA;082038-(1948-01-01)
312;Palazzo Adriano;PALERMO;1738;PALERMO PROVINCIA OVEST;75,82;46,53;122,35;61,97;122,35;0,0;PA;082052-(2016-06-06)
313;Alimena;PALERMO;1867;PALERMO PROVINCIA EST;134,8;40,82;175,61;76,76;188,33;12,72;PA;082002-(2016-06-06)
314;Baucina;PALERMO;1835;PALERMO PROVINCIA EST;192,38;66,2;258,58;74,4;258,58;0,0;PA;082008-(2016-06-06)
315;Ventimiglia di Sicilia;PALERMO;1726;PALERMO PROVINCIA EST;166,61;53,76;220,37;75,6;220,37;0,0;PA;082077-(2016-06-06)
316;Giuliana;PALERMO;1652;PALERMO PROVINCIA OVEST;121,71;34,74;156,45;77,8;156,45;0,0;PA;082039-(2016-06-06)
317;Geraci Siculo;PALERMO;1673;PALERMO PROVINCIA EST;62,08;42,75;104,82;59,22;104,82;0,0;PA;082037-(2016-06-06)
318;Contessa Entellina;PALERMO;1455;PALERMO PROVINCIA OVEST;0,0;0,0;0,0;0,0;0,0;0,0;PA;082033-(2016-06-06)
319;San Mauro Castelverde;PALERMO;1293;PALERMO PROVINCIA EST;78,71;43,2;121,91;64,56;121,91;0,0;PA;082065-(2016-06-06)
320;Isnello;PALERMO;1346;PALERMO PROVINCIA EST;79,9;37,56;117,46;68,02;117,46;0,0;PA;082042-(2016-06-06)
321;Roccamena;PALERMO;1297;PALERMO PROVINCIA OVEST;88,0;20,72;108,72;80,94;108,72;0,0;PA;082061-(1861-03-17)
322;Bompietro;PALERMO;1143;PALERMO PROVINCIA EST;79,32;44,76;124,07;63,93;124,07;0,0;PA;082012-(2016-06-06)
323;Ustica;PALERMO;1312;PALERMO AREA METROPOLITANA;130,13;18,89;149,02;87,32;150,02;1,0;PA;082075-(2016-06-06)
324;Campofiorito;PALERMO;1114;PALERMO PROVINCIA OVEST;86,32;27,72;114,04;75,69;114,04;0,0;PA;082018-(1948-01-01)
325;Aliminusa;PALERMO;1019;PALERMO PROVINCIA EST;61,43;20,63;82,06;74,86;82,06;0,0;PA;082003-(2016-06-06)
326;Godrano;PALERMO;1010;PALERMO PROVINCIA OVEST;73,92;36,38;110,3;67,02;110,3;0,0;PA;082040-(2016-06-06)
327;Cefalà Diana;PALERMO;977;PALERMO PROVINCIA EST;83,93;35,64;119,57;70,19;119,57;0,0;PA;082026-(2016-06-06)
328;Blufi;PALERMO;861;PALERMO PROVINCIA EST;72,62;49,31;121,92;59,56;121,92;0,0;PA;082082-(2016-06-06)
329;Santa Cristina Gela;PALERMO;991;PALERMO PROVINCIA OVEST;31,78;5,96;37,74;84,21;37,74;0,0;PA;082066-(2016-06-06)
330;Gratteri;PALERMO;839;PALERMO PROVINCIA EST;54,48;19,0;73,48;74,14;73,48;0,0;PA;082041-(2016-06-06)
331;Scillato;PALERMO;577;PALERMO PROVINCIA EST;44,77;22,3;67,07;66,75;67,07;0,0;PA;082081-(2016-06-06)
332;Campofelice di Fitalia;PALERMO;426;PALERMO PROVINCIA EST;27,07;10,92;37,99;71,26;37,99;0,0;PA;082016-(2016-06-06)
333;Sclafani Bagni;PALERMO;364;PALERMO PROVINCIA EST;22,11;14,97;37,08;59,63;37,08;0,0;PA;082069-(2016-06-06)
334;Ragusa;RAGUSA;73778;RAGUSA PROVINCIA;0,0;0,0;0,0;0,0;0,0;0,0;RG;088009-(1927-01-12)
335;Vittoria;RAGUSA;65714;RAGUSA PROVINCIA;4033,56;2248,94;6282,5;64,2;6299,8;17,3;RG;088012-(1927-01-12)
336;Modica;RAGUSA;53413;RAGUSA PROVINCIA;3649,74;2002,6;5652,34;64,57;5652,34;0,0;RG;088006-(2016-06-06)
337;Comiso;RAGUSA;30235;RAGUSA PROVINCIA;2431,49;1231,27;3662,76;66,38;3662,76;0,0;RG;088003-(1927-01-12)
338;Scicli;RAGUSA;26781;RAGUSA PROVINCIA;2524,24;650,5;3174,74;79,51;3174,74;0,0;RG;088011-(2016-06-06)
339;Pozzallo;RAGUSA;18901;RAGUSA PROVINCIA;1221,03;489,07;1710,1;71,4;1713,6;3,5;RG;088008-(2016-06-06)
340;Ispica;RAGUSA;16518;RAGUSA PROVINCIA;0,0;0,0;0,0;0,0;0,0;0,0;RG;088005-(2016-06-06)
341;Acate;RAGUSA;10450;RAGUSA PROVINCIA;922,75;312,21;1234,96;74,72;1235,28;0,32;RG;088001-(2016-06-06)
342;Santa Croce Camerina;RAGUSA;11414;RAGUSA PROVINCIA;1470,14;708,7;2178,84;67,47;2212,54;33,7;RG;088010-(2016-06-06)
343;Chiaramonte Gulfi;RAGUSA;8000;RAGUSA PROVINCIA;842,6;322,22;1164,82;72,34;1167,88;3,06;RG;088002-(1927-01-12)
344;Giarratana;RAGUSA;3038;RAGUSA PROVINCIA;180,98;63,78;244,76;73,94;244,76;0,0;RG;088004-(2016-06-06)
345;Monterosso Almo;RAGUSA;2734;RAGUSA PROVINCIA;209,78;53,28;263,06;79,75;263,06;0,0;RG;088007-(2016-06-06)
346;Siracusa;SIRACUSA;115636;SIRACUSA PROVINCIA;12447,3;12055,15;24502,45;50,8;24544,76;42,31;SR;089017-(1861-03-17)
347;Augusta;SIRACUSA;34623;SIRACUSA PROVINCIA;2484,9;4126,29;6611,19;37,59;6611,19;0,0;SR;089001-(2016-06-06)
348;Avola;SIRACUSA;30654;SIRACUSA PROVINCIA;2790,2;1989,4;4779,6;58,38;4779,6;0,0;SR;089002-(2016-06-06)
349;Lentini;SIRACUSA;21183;SIRACUSA PROVINCIA;1089,27;2081,73;3171,0;34,35;3171,17;0,17;SR;089011-(2016-06-06)
350;Noto;SIRACUSA;24625;SIRACUSA PROVINCIA;1682,2;1974,72;3656,92;46,0;3656,92;0,0;SR;089013-(1950-11-12)
351;Floridia;SIRACUSA;21082;SIRACUSA PROVINCIA;2490,81;879,71;3370,51;73,9;3370,51;0,0;SR;089009-(1861-03-17)
352;Pachino;SIRACUSA;22084;SIRACUSA PROVINCIA;1686,82;865,15;2551,97;66,1;2551,97;0,0;SR;089014-(1948-01-01)
353;Rosolini;SIRACUSA;20554;SIRACUSA PROVINCIA;1965,93;784,42;2750,35;71,48;2750,35;0,0;SR;089016-(2016-06-06)
354;Carlentini;SIRACUSA;16972;SIRACUSA PROVINCIA;3072,96;1286,4;4359,36;70,49;4359,36;0,0;SR;089006-(2016-06-06)
355;Melilli;SIRACUSA;13168;SIRACUSA PROVINCIA;1508,65;601,1;2109,75;71,51;2109,75;0,0;SR;089012-(2016-06-06)
356;Francofonte;SIRACUSA;11534;SIRACUSA PROVINCIA;433,82;819,64;1253,46;34,61;1253,46;0,0;SR;089010-(2016-06-06)
357;Priolo Gargallo;SIRACUSA;11115;SIRACUSA PROVINCIA;948,0;1041,1;1989,1;47,66;1989,1;0,0;SR;089021-(2016-06-06)
358;Palazzolo Acreide;SIRACUSA;7957;SIRACUSA PROVINCIA;830,15;440,54;1270,69;65,33;1346,65;75,96;SR;089015-(1948-01-01)
359;Sortino;SIRACUSA;8041;SIRACUSA PROVINCIA;997,44;197,88;1195,32;83,45;1198,62;3,3;SR;089019-(2016-06-06)
360;Solarino;SIRACUSA;7528;SIRACUSA PROVINCIA;0,0;0,0;0,0;0,0;0,0;0,0;SR;089018-(2016-06-06)
361;Canicattini Bagni;SIRACUSA;6467;SIRACUSA PROVINCIA;514,88;195,02;709,9;72,53;709,9;0,0;SR;089005-(2016-06-06)
362;Portopalo di Capo Passero;SIRACUSA;3859;SIRACUSA PROVINCIA;0,0;0,0;0,0;0,0;0,0;0,0;SR;089020-(2016-06-06)
363;Ferla;SIRACUSA;2236;SIRACUSA PROVINCIA;248,56;73,66;322,22;77,14;322,3;0,08;SR;089008-(2016-06-06)
364;Buccheri;SIRACUSA;1708;SIRACUSA PROVINCIA;177,81;68,86;246,67;72,08;246,67;0,0;SR;089003-(2016-06-06)
365;Buscemi;SIRACUSA;935;SIRACUSA PROVINCIA;80,0;34,88;114,88;69,64;114,88;0,0;SR;089004-(2016-06-06)
366;Cassaro;SIRACUSA;729;SIRACUSA PROVINCIA;47,9;18,32;66,22;72,33;66,22;0,0;SR;089007-(2016-06-06)
367;Marsala;TRAPANI;79693;TRAPANI PROVINCIA NORD;8142,42;2421,11;10563,53;77,08;10563,53;0,0;TP;081011-(2016-06-06)
368;Trapani;TRAPANI;54887;TRAPANI PROVINCIA NORD;6834,46;3475,12;10309,58;66,29;10345,08;35,5;TP;081021-(1861-03-17)
369;Mazara del Vallo;TRAPANI;49970;TRAPANI PROVINCIA SUD;5211,09;972,55;6183,64;84,27;6190,96;7,32;TP;081012-(2016-06-06)
370;Alcamo;TRAPANI;44596;TRAPANI PROVINCIA NORD;4188,5;2001,52;6190,02;67,67;6213,45;23,43;TP;081001-(2016-06-06)
371;Castelvetrano;TRAPANI;29342;TRAPANI PROVINCIA SUD;3624,61;673,02;4297,63;84,34;4297,95;0,33;TP;081006-(1948-01-01)
372;Erice;TRAPANI;25756;TRAPANI PROVINCIA NORD;3826,69;1358,31;5185,0;73,8;5185,35;0,36;TP;081008-(1948-01-01)
373;Castellammare del Golfo;TRAPANI;14584;TRAPANI PROVINCIA NORD;2230,24;620,66;2850,9;78,23;2858,82;7,92;TP;081005-(2016-06-06)
374;Valderice;TRAPANI;11289;TRAPANI PROVINCIA NORD;1647,09;346,76;1993,85;82,61;1994,89;1,04;TP;081022-(2016-06-06)
375;Campobello di Mazara;TRAPANI;11224;TRAPANI PROVINCIA SUD;629,55;322,0;951,55;66,16;951,55;0,0;TP;081004-(1948-01-01)
376;Paceco;TRAPANI;10564;TRAPANI PROVINCIA NORD;1230,82;235,34;1466,16;83,95;1633,94;167,78;TP;081013-(1861-03-17)
377;Partanna;TRAPANI;9782;TRAPANI PROVINCIA SUD;1233,98;260,16;1494,14;82,59;1494,14;0,0;TP;081015-(2016-06-06)
378;Salemi;TRAPANI;9822;TRAPANI PROVINCIA SUD;1165,15;243,96;1409,11;82,69;1409,11;0,0;TP;081018-(2016-06-06)
379;Petrosino;TRAPANI;7921;TRAPANI PROVINCIA SUD;1130,26;142,88;1273,14;88,78;1273,14;0,0;TP;081024-(2016-06-06)
380;Pantelleria;TRAPANI;7175;TRAPANI PROVINCIA NORD;773,43;202,0;975,43;79,29;975,43;0,0;TP;081014-(2016-06-06)
381;Calatafimi-Segesta;TRAPANI;6019;TRAPANI PROVINCIA NORD;695,78;129,99;825,77;84,26;825,77;0,0;TP;081003-(2016-06-06)
382;Custonaci;TRAPANI;5251;TRAPANI PROVINCIA NORD;678,49;239,02;917,51;73,95;917,51;0,0;TP;081007-(2016-06-06)
383;Santa Ninfa;TRAPANI;4705;TRAPANI PROVINCIA SUD;474,87;98,02;572,89;82,89;572,89;0,0;TP;081019-(2016-06-06)
384;San Vito Lo Capo;TRAPANI;4866;TRAPANI PROVINCIA NORD;77,18;33,4;110,58;69,8;110,58;0,0;TP;081020-(2016-06-06)
385;Favignana;TRAPANI;4515;TRAPANI PROVINCIA NORD;760,83;174,49;935,32;81,34;935,32;0,0;TP;081009-(2016-06-06)
386;Gibellina;TRAPANI;3650;TRAPANI PROVINCIA SUD;521,52;159,25;680,77;76,61;680,77;0,0;TP;081010-(2016-06-06)
387;Buseto Palizzolo;TRAPANI;2754;TRAPANI PROVINCIA NORD;343,51;66,37;409,88;83,81;409,88;0,0;TP;081002-(2016-06-06)
388;Vita;TRAPANI;1733;TRAPANI PROVINCIA SUD;167,69;37,96;205,65;81,54;205,65;0,0;TP;081023-(2016-06-06)
389;Salaparuta;TRAPANI;1567;TRAPANI PROVINCIA SUD;185,74;40,32;226,06;82,16;226,06;0,0;TP;081017-(2016-06-06)
390;Poggioreale;TRAPANI;1277;TRAPANI PROVINCIA SUD;111,64;20,36;132,0;84,58;132,0;0,0;TP;081016-(2016-06-06)
391;Misiliscemi;TRAPANI;8454;TRAPANI PROVINCIA NORD;1052,97;535,4;1588,38;66,29;1593,85;5,47;TP;081025-(2021-02-20)
