N.,COMUNE,PROVINCIA,POPOLAZIONE,S.R.R. di COMPETENZA,R.I. (ton),R.D. (ton),R.T. (ton),% R.D.,R.C. (ton),EXTRA D.M. 2016 (ton)
1,Agrigento,AGRIGENTO,55.227,AGRIGENTO PROVINCIA EST,"4.087,73","2.279,64","6.367,37","64,20%","6.367,37","0,00"
2,Sciacca,AGRIGENTO,38.541,AGRIGENTO PROVINCIA OVEST,"13.783,86","2.475,74","16.259,60","84,77%","16.262,64","3,04"
3,Licata,AGRIGENTO,34.087,AGRIGENTO PROVINCIA EST,"1.869,23","1.935,77","3.805,00","49,13%","3.821,19","16,19"
4,Canicattì,AGRIGENTO,34.266,AGRIGENTO PROVINCIA EST,"2.642,27","1.934,52","4.576,79","57,73%","4.576,79","0,00"
5,Favara,AGRIGENTO,31.309,AGRIGENTO PROVINCIA EST,"1.674,58","2.011,62","3.686,20","45,43%","3.686,20","0,00"
6,Palma di Montechiaro,AGRIGENTO,21.236,AGRIGENTO PROVINCIA EST,"219,90","1.978,44","2.198,34","10,00%","2.198,34","0,00"
7,Ribera,AGRIGENTO,17.730,AGRIGENTO PROVINCIA OVEST,"4.817,29","950,18","5.767,47","83,53%","5.788,51","21,04"
8,Porto Empedocle,AGRIGENTO,15.479,AGRIGENTO PROVINCIA EST,"175,12","0,00","175,12","100,00%","175,12","0,00"
9,Raffadali,AGRIGENTO,11.780,AGRIGENTO PROVINCIA EST,"950,09","445,44","1.395,53","68,08%","1.395,53","0,00"
10,Menfi,AGRIGENTO,11.753,AGRIGENTO PROVINCIA OVEST,"2.823,16","662,60","3.485,76","80,99%","3.524,12","38,36"
11,Ravanusa,AGRIGENTO,10.214,AGRIGENTO PROVINCIA EST,"490,97","352,82","843,79","58,19%","843,79","0,00"
12,Campobello di Licata,AGRIGENTO,8.949,AGRIGENTO PROVINCIA EST,"802,84","489,22","1.292,06","62,14%","1.292,06","0,00"
13,Aragona,AGRIGENTO,8.695,AGRIGENTO PROVINCIA EST,"941,18","376,32","1.317,50","71,44%","1.317,50","0,00"
14,Racalmuto,AGRIGENTO,7.464,AGRIGENTO PROVINCIA EST,"772,92","365,24","1.138,16","67,91%","1.138,16","0,00"
15,Casteltermini,AGRIGENTO,7.140,AGRIGENTO PROVINCIA EST,"373,14","246,14","619,28","60,25%","619,28","0,00"
16,San Giovanni Gemini,AGRIGENTO,7.428,AGRIGENTO PROVINCIA EST,"0,00","0,00","0,00","0,00%","0,00","0,00"
17,Naro,AGRIGENTO,6.872,AGRIGENTO PROVINCIA EST,"287,62","244,54","532,16","54,05%","532,16","0,00"
18,Lampedusa e Linosa,AGRIGENTO,6.488,AGRIGENTO PROVINCIA EST,"659,52","285,24","944,76","69,81%","972,16","27,40"
19,Santa Margherita di Belice,AGRIGENTO,5.959,AGRIGENTO PROVINCIA OVEST,"945,95","308,60","1.254,55","75,40%","1.254,55","0,00"
20,Cammarata,AGRIGENTO,5.828,AGRIGENTO PROVINCIA EST,"431,73","165,78","597,51","72,25%","597,51","0,00"
21,Sambuca di Sicilia,AGRIGENTO,5.253,AGRIGENTO PROVINCIA OVEST,"1.174,42","254,42","1.428,84","82,19%","1.428,84","0,00"
22,Grotte,AGRIGENTO,5.060,AGRIGENTO PROVINCIA EST,"0,00","0,00","0,00","0,00%","0,00","0,00"
23,Santo Stefano Quisquina,AGRIGENTO,3.919,AGRIGENTO PROVINCIA OVEST,"453,16","240,24","693,40","65,35%","699,84","6,44"
24,Siculiana,AGRIGENTO,4.148,AGRIGENTO PROVINCIA EST,"312,33","122,82","435,15","71,78%","435,15","0,00"
25,Realmonte,AGRIGENTO,4.345,AGRIGENTO PROVINCIA EST,"157,65","106,00","263,65","59,80%","263,65","0,00"
26,Cattolica Eraclea,AGRIGENTO,3.260,AGRIGENTO PROVINCIA OVEST,"432,48","183,96","616,44","70,16%","616,44","0,00"
27,Bivona,AGRIGENTO,3.052,AGRIGENTO PROVINCIA OVEST,"528,09","287,14","815,23","64,78%","830,93","15,70"
28,Caltabellotta,AGRIGENTO,3.094,AGRIGENTO PROVINCIA OVEST,"389,32","260,44","649,76","59,92%","649,76","0,00"
29,Cianciana,AGRIGENTO,2.987,AGRIGENTO PROVINCIA OVEST,"326,06","243,80","569,86","57,22%","569,86","0,00"
30,San Biagio Platani,AGRIGENTO,2.763,AGRIGENTO PROVINCIA OVEST,"553,97","287,48","841,45","65,84%","841,45","0,00"
31,Alessandria della Rocca,AGRIGENTO,2.350,AGRIGENTO PROVINCIA OVEST,"0,00","0,00","0,00","0,00%","0,00","0,00"
32,Castrofilippo,AGRIGENTO,2.561,AGRIGENTO PROVINCIA EST,"0,00","0,00","0,00","0,00%","0,00","0,00"
33,Montevago,AGRIGENTO,2.654,AGRIGENTO PROVINCIA OVEST,"553,47","168,36","721,83","76,68%","721,83","0,00"
34,Burgio,AGRIGENTO,2.452,AGRIGENTO PROVINCIA OVEST,"383,70","147,76","531,46","72,20%","531,46","0,00"
35,Montallegro,AGRIGENTO,2.342,AGRIGENTO PROVINCIA EST,"130,37","76,78","207,15","62,94%","207,15","0,00"
36,Santa Elisabetta,AGRIGENTO,2.203,AGRIGENTO PROVINCIA EST,"236,53","96,02","332,55","71,13%","332,55","0,00"
37,Camastra,AGRIGENTO,1.961,AGRIGENTO PROVINCIA EST,"63,65","39,20","102,85","61,89%","102,85","0,00"
38,Lucca Sicula,AGRIGENTO,1.689,AGRIGENTO PROVINCIA OVEST,"266,72","43,02","309,74","86,11%","309,74","0,00"
39,Villafranca Sicula,AGRIGENTO,1.315,AGRIGENTO PROVINCIA OVEST,"220,03","40,24","260,27","84,54%","260,27","0,00"
40,Sant'Angelo Muxaro,AGRIGENTO,1.153,AGRIGENTO PROVINCIA EST,"77,01","37,62","114,63","67,18%","114,63","0,00"
41,Calamonaci,AGRIGENTO,1.120,AGRIGENTO PROVINCIA OVEST,"197,14","37,70","234,84","83,95%","234,84","0,00"
42,Joppolo Giancaxio,AGRIGENTO,1.062,AGRIGENTO PROVINCIA EST,"109,51","41,96","151,47","72,30%","151,47","0,00"
43,Comitini,AGRIGENTO,871,AGRIGENTO PROVINCIA EST,"83,30","40,56","123,86","67,25%","123,86","0,00"
44,Gela,CALTANISSETTA,70.341,CALTANISSETTA PROVINCIA SUD,"4.550,12","2.499,76","7.049,88","64,54%","7.064,32","14,44"
45,Caltanissetta,CALTANISSETTA,58.045,CALTANISSETTA PROVINCIA NORD,"5.740,15","3.560,78","9.300,93","61,72%","9.300,93","0,00"
46,Niscemi,CALTANISSETTA,24.669,CALTANISSETTA PROVINCIA SUD,"1.769,78","1.007,99","2.777,77","63,71%","2.777,77","0,00"
47,San Cataldo,CALTANISSETTA,20.453,CALTANISSETTA PROVINCIA NORD,"1.566,52","686,66","2.253,18","69,52%","2.253,18","0,00"
48,Mazzarino,CALTANISSETTA,10.676,CALTANISSETTA PROVINCIA SUD,"513,71","0,00","513,71","100,00%","513,71","0,00"
49,Riesi,CALTANISSETTA,10.234,CALTANISSETTA PROVINCIA SUD,"459,44","371,90","831,34","55,26%","831,34","0,00"
50,Mussomeli,CALTANISSETTA,9.822,CALTANISSETTA PROVINCIA NORD,"863,95","378,60","1.242,55","69,53%","1.242,55","0,00"
51,Sommatino,CALTANISSETTA,6.275,CALTANISSETTA PROVINCIA SUD,"0,00","0,00","0,00","0,00%","0,00","0,00"
52,Serradifalco,CALTANISSETTA,5.383,CALTANISSETTA PROVINCIA NORD,"379,56","124,62","504,18","75,28%","504,18","0,00"
53,Santa Caterina Villarmosa,CALTANISSETTA,4.518,CALTANISSETTA PROVINCIA NORD,"341,07","135,34","476,41","71,59%","476,41","0,00"
54,Butera,CALTANISSETTA,4.081,CALTANISSETTA PROVINCIA SUD,"436,14","101,77","537,91","81,08%","537,91","0,00"
55,Delia,CALTANISSETTA,3.850,CALTANISSETTA PROVINCIA SUD,"385,69","135,94","521,63","73,94%","521,63","0,00"
56,Vallelunga Pratameno,CALTANISSETTA,3.023,CALTANISSETTA PROVINCIA NORD,"219,78","88,92","308,70","71,20%","308,70","0,00"
57,Campofranco,CALTANISSETTA,2.550,CALTANISSETTA PROVINCIA NORD,"179,78","67,40","247,18","72,73%","247,18","0,00"
58,Milena,CALTANISSETTA,2.614,CALTANISSETTA PROVINCIA NORD,"242,53","81,14","323,67","74,93%","323,67","0,00"
59,Resuttano,CALTANISSETTA,1.704,CALTANISSETTA PROVINCIA NORD,"114,63","44,74","159,37","71,93%","159,37","0,00"
60,Marianopoli,CALTANISSETTA,1.532,CALTANISSETTA PROVINCIA NORD,"124,02","25,94","149,96","82,70%","149,96","0,00"
61,Villalba,CALTANISSETTA,1.373,CALTANISSETTA PROVINCIA NORD,"119,40","75,58","194,98","61,24%","194,98","0,00"
62,Montedoro,CALTANISSETTA,1.327,CALTANISSETTA PROVINCIA NORD,"127,80","35,14","162,94","78,43%","162,94","0,00"
63,Sutera,CALTANISSETTA,1.140,CALTANISSETTA PROVINCIA NORD,"120,15","32,32","152,47","78,80%","152,47","0,00"
64,Acquaviva Platani,CALTANISSETTA,834,CALTANISSETTA PROVINCIA NORD,"118,39","55,22","173,61","68,19%","173,61","0,00"
65,Bompensiere,CALTANISSETTA,469,CALTANISSETTA PROVINCIA NORD,"37,54","22,68","60,22","62,34%","60,22","0,00"
66,Catania,CATANIA,297.517,CATANIA AREA METROPOLITANA,"13.782,56","29.003,62","42.786,18","32,21%","42.790,96","4,78"
67,Acireale,CATANIA,50.579,CATANIA PROVINCIA NORD,"5.711,59","4.391,50","10.103,09","56,53%","10.103,57","0,48"
68,Misterbianco,CATANIA,48.612,CATANIA AREA METROPOLITANA,"6.100,46","3.835,27","9.935,73","61,40%","9.952,41","16,68"
69,Paternò,CATANIA,44.677,CATANIA AREA METROPOLITANA,"1.962,90","949,09","2.911,99","67,41%","2.913,89","1,90"
70,Caltagirone,CATANIA,35.439,CATANIA PROVINCIA SUD,"3.642,18","1.989,60","5.631,78","64,67%","5.631,93","0,16"
71,Adrano,CATANIA,33.610,CATANIA PROVINCIA NORD,"3.173,90","1.190,00","4.363,90","72,73%","4.363,90","0,00"
72,Mascalucia,CATANIA,32.040,CATANIA AREA METROPOLITANA,"5.192,05","1.105,64","6.297,69","82,44%","6.874,23","576,54"
73,Aci Catena,CATANIA,27.505,CATANIA AREA METROPOLITANA,"2.314,48","1.914,29","4.228,77","54,73%","4.228,77","0,00"
74,Belpasso,CATANIA,28.197,CATANIA AREA METROPOLITANA,"1.798,80","783,23","2.582,03","69,67%","2.587,07","5,04"
75,Giarre,CATANIA,26.536,CATANIA PROVINCIA NORD,"0,00","0,00","0,00","0,00%","0,00","0,00"
76,Gravina di Catania,CATANIA,25.271,CATANIA AREA METROPOLITANA,"1.603,29","947,60","2.550,88","62,85%","2.555,12","4,24"
77,Biancavilla,CATANIA,22.880,CATANIA AREA METROPOLITANA,"2.257,53","767,96","3.025,49","74,62%","3.025,49","0,00"
78,San Giovanni la Punta,CATANIA,24.215,CATANIA AREA METROPOLITANA,"889,58","868,27","1.757,85","50,61%","1.757,85","0,00"
79,Tremestieri Etneo,CATANIA,19.234,CATANIA AREA METROPOLITANA,"1.341,68","463,92","1.805,60","74,31%","1.805,60","0,00"
80,Bronte,CATANIA,18.179,CATANIA PROVINCIA NORD,"1.687,37","1.041,76","2.729,13","61,83%","2.729,13","0,00"
81,Aci Castello,CATANIA,17.691,CATANIA AREA METROPOLITANA,"2.233,59","943,12","3.176,71","70,31%","3.177,98","1,27"
82,Aci Sant'Antonio,CATANIA,18.025,CATANIA AREA METROPOLITANA,"1.232,67","698,97","1.931,64","63,81%","1.931,64","0,00"
83,Scordia,CATANIA,15.999,CATANIA PROVINCIA SUD,"1.798,21","651,22","2.449,43","73,41%","2.449,46","0,03"
84,Palagonia,CATANIA,15.506,CATANIA PROVINCIA SUD,"1.474,65","616,76","2.091,41","70,51%","2.091,43","0,02"
85,Riposto,CATANIA,13.911,CATANIA PROVINCIA NORD,"0,00","0,00","0,00","0,00%","0,00","0,00"
86,Mascali,CATANIA,14.390,CATANIA PROVINCIA NORD,"1.025,82","405,24","1.431,06","71,68%","1.431,06","0,00"
87,Pedara,CATANIA,15.401,CATANIA AREA METROPOLITANA,"1.322,46","228,60","1.551,07","85,26%","1.551,07","0,00"
88,Grammichele,CATANIA,12.292,CATANIA PROVINCIA SUD,"1.509,32","427,38","1.936,70","77,93%","1.936,79","0,09"
89,Motta Sant'Anastasia,CATANIA,12.120,CATANIA AREA METROPOLITANA,"1.460,56","703,37","2.163,93","67,50%","2.166,41","2,48"
90,San Gregorio di Catania,CATANIA,11.455,CATANIA AREA METROPOLITANA,"918,54","371,22","1.289,76","71,22%","1.289,76","0,00"
91,Randazzo,CATANIA,10.041,CATANIA PROVINCIA NORD,"746,39","249,50","995,89","74,95%","996,69","0,80"
92,Trecastagni,CATANIA,11.349,CATANIA AREA METROPOLITANA,"1.776,77","539,59","2.316,36","76,71%","2.318,26","1,90"
93,Ramacca,CATANIA,10.082,CATANIA PROVINCIA SUD,"1.044,62","437,66","1.482,28","70,47%","1.482,28","0,00"
94,Fiumefreddo di Sicilia,CATANIA,8.966,CATANIA PROVINCIA NORD,"765,78","270,59","1.036,36","73,89%","1.036,36","0,00"
95,Sant'Agata li Battiati,CATANIA,9.197,CATANIA AREA METROPOLITANA,"0,00","0,00","0,00","0,00%","0,00","0,00"
96,Zafferana Etnea,CATANIA,9.352,CATANIA AREA METROPOLITANA,"0,00","0,00","0,00","0,00%","0,00","0,00"
97,Santa Venerina,CATANIA,8.411,CATANIA PROVINCIA NORD,"1.314,85","130,86","1.445,71","90,95%","1.445,71","0,00"
98,Viagrande,CATANIA,8.923,CATANIA AREA METROPOLITANA,"927,21","300,88","1.228,09","75,50%","1.229,51","1,42"
99,Valverde,CATANIA,7.794,CATANIA AREA METROPOLITANA,"636,15","284,11","920,26","69,13%","920,26","0,00"
100,Santa Maria di Licodia,CATANIA,7.576,CATANIA AREA METROPOLITANA,"739,30","375,45","1.114,75","66,32%","1.114,75","0,00"
101,San Pietro Clarenza,CATANIA,8.342,CATANIA AREA METROPOLITANA,"1.180,04","267,58","1.447,62","81,52%","1.454,26","6,64"
102,Militello in Val di Catania,CATANIA,6.636,CATANIA PROVINCIA SUD,"664,63","262,36","926,99","71,70%","926,99","0,00"
103,Nicolosi,CATANIA,7.694,CATANIA AREA METROPOLITANA,"1.267,37","565,10","1.832,47","69,16%","1.832,47","0,00"
104,Vizzini,CATANIA,5.640,CATANIA PROVINCIA SUD,"501,81","292,84","794,65","63,15%","794,65","0,00"
105,Linguaglossa,CATANIA,5.027,CATANIA PROVINCIA NORD,"378,88","141,35","520,24","72,83%","520,24","0,00"
106,Calatabiano,CATANIA,5.125,CATANIA PROVINCIA NORD,"272,04","111,72","383,76","70,89%","383,76","0,00"
107,Mineo,CATANIA,4.369,CATANIA PROVINCIA SUD,"423,80","150,14","573,94","73,84%","573,94","0,00"
108,Mirabella Imbaccari,CATANIA,4.157,CATANIA PROVINCIA SUD,"480,47","191,64","672,11","71,49%","672,11","0,00"
109,Camporotondo Etneo,CATANIA,5.211,CATANIA AREA METROPOLITANA,"429,52","96,51","526,04","81,65%","526,04","0,00"
110,Castel di Iudica,CATANIA,4.225,CATANIA PROVINCIA SUD,"424,96","140,00","564,96","75,22%","564,96","0,00"
111,Mazzarrone,CATANIA,3.986,CATANIA PROVINCIA SUD,"452,87","140,82","593,69","76,28%","593,69","0,01"
112,Piedimonte Etneo,CATANIA,3.876,CATANIA PROVINCIA NORD,"283,31","103,63","386,93","73,22%","386,93","0,00"
113,Maletto,CATANIA,3.549,CATANIA PROVINCIA NORD,"391,50","96,94","488,44","80,15%","488,44","0,00"
114,Ragalna,CATANIA,4.310,CATANIA AREA METROPOLITANA,"0,00","0,00","0,00","0,00%","0,00","0,00"
115,Maniace,CATANIA,3.748,CATANIA PROVINCIA NORD,"0,00","0,00","0,00","0,00%","0,00","0,00"
116,Aci Bonaccorsi,CATANIA,3.556,CATANIA AREA METROPOLITANA,"378,28","89,24","467,52","80,91%","467,52","0,00"
117,Castiglione di Sicilia,CATANIA,2.855,CATANIA PROVINCIA NORD,"341,72","113,40","455,12","75,08%","455,12","0,00"
118,San Michele di Ganzaria,CATANIA,2.797,CATANIA PROVINCIA SUD,"334,27","89,28","423,55","78,92%","423,55","0,00"
119,Raddusa,CATANIA,2.766,CATANIA PROVINCIA SUD,"290,78","91,58","382,36","76,05%","382,36","0,00"
120,Licodia Eubea,CATANIA,2.761,CATANIA PROVINCIA SUD,"258,91","74,52","333,43","77,65%","333,43","0,00"
121,San Cono,CATANIA,2.423,CATANIA PROVINCIA SUD,"241,82","74,14","315,96","76,53%","315,96","0,00"
122,Sant'Alfio,CATANIA,1.512,CATANIA AREA METROPOLITANA,"116,39","43,22","159,61","72,92%","159,85","0,24"
123,Milo,CATANIA,1.026,CATANIA AREA METROPOLITANA,"98,52","33,25","131,77","74,77%","131,77","0,00"
124,Enna,ENNA,25.079,ENNA PROVINCIA,"2.340,79","1.096,16","3.436,95","68,11%","3.436,95","0,00"
125,Piazza Armerina,ENNA,20.529,CALTANISSETTA PROVINCIA SUD,"1.802,50","1.156,90","2.959,40","60,91%","2.963,35","3,96"
126,Nicosia,ENNA,12.502,ENNA PROVINCIA,"1.095,68","543,70","1.639,38","66,84%","1.639,38","0,00"
127,Leonforte,ENNA,12.105,ENNA PROVINCIA,"886,79","465,69","1.352,48","65,57%","1.352,48","0,00"
128,Barrafranca,ENNA,11.524,ENNA PROVINCIA,"0,00","0,00","0,00","0,00%","0,00","0,00"
129,Troina,ENNA,8.320,ENNA PROVINCIA,"720,27","177,32","897,59","80,24%","897,59","0,00"
130,Agira,ENNA,7.549,ENNA PROVINCIA,"604,04","255,61","859,65","70,27%","859,65","0,00"
131,Valguarnera Caropepe,ENNA,6.781,ENNA PROVINCIA,"526,26","206,75","733,01","71,79%","733,01","0,00"
132,Regalbuto,ENNA,6.587,ENNA PROVINCIA,"398,55","204,16","602,71","66,13%","602,71","0,00"
133,Pietraperzia,ENNA,6.251,ENNA PROVINCIA,"177,68","346,96","524,64","33,87%","524,84","0,20"
134,Centuripe,ENNA,4.980,ENNA PROVINCIA,"234,38","145,85","380,23","61,64%","380,23","0,00"
135,Assoro,ENNA,4.748,ENNA PROVINCIA,"160,60","75,23","235,83","68,10%","235,83","0,00"
136,Villarosa,ENNA,4.278,ENNA PROVINCIA,"387,28","83,14","470,42","82,33%","471,04","0,62"
137,Catenanuova,ENNA,4.494,ENNA PROVINCIA,"506,59","169,27","675,86","74,95%","675,86","0,00"
138,Aidone,ENNA,4.199,ENNA PROVINCIA,"0,00","0,00","0,00","0,00%","0,00","0,00"
139,Calascibetta,ENNA,3.979,ENNA PROVINCIA,"239,30","160,81","400,11","59,81%","400,11","0,00"
140,Gagliano Castelferrato,ENNA,3.147,ENNA PROVINCIA,"234,94","148,14","383,08","61,33%","383,08","0,00"
141,Nissoria,ENNA,2.794,ENNA PROVINCIA,"268,50","153,23","421,73","63,67%","421,73","0,00"
142,Cerami,ENNA,1.883,ENNA PROVINCIA,"86,88","26,98","113,86","76,30%","113,86","0,00"
143,Sperlinga,ENNA,658,ENNA PROVINCIA,"0,00","0,00","0,00","0,00%","0,00","0,00"
144,Messina,MESSINA,216.918,MESSINA AREA METROPOLITANA,"9.517,29","6.778,34","16.295,63","58,40%","16.295,89","0,26"
145,Barcellona Pozzo di Gotto,MESSINA,39.778,MESSINA AREA METROPOLITANA,"4.773,91","2.168,00","6.941,91","68,77%","6.941,91","0,00"
146,Milazzo,MESSINA,29.830,MESSINA AREA METROPOLITANA,"2.535,24","1.091,55","3.626,79","69,90%","3.626,79","0,00"
147,Patti,MESSINA,12.674,MESSINA PROVINCIA,"1.241,66","659,38","1.901,04","65,31%","1.901,04","0,00"
148,Capo d'Orlando,MESSINA,13.061,MESSINA PROVINCIA,"1.357,30","216,14","1.573,44","86,26%","1.573,44","0,00"
149,Sant'Agata di Militello,MESSINA,12.036,MESSINA PROVINCIA,"0,00","0,00","0,00","0,00%","0,00","0,00"
150,Lipari,MESSINA,12.793,ISOLE EOLIE,"984,00","995,64","1.979,64","49,71%","1.979,64","0,00"
151,Taormina,MESSINA,10.433,MESSINA AREA METROPOLITANA,"72,68","976,52","1.049,20","6,93%","1.049,20","0,00"
152,Giardini-Naxos,MESSINA,9.377,MESSINA AREA METROPOLITANA,"1.363,36","652,86","2.016,22","67,62%","2.016,22","0,00"
153,Santa Teresa di Riva,MESSINA,9.200,MESSINA AREA METROPOLITANA,"865,18","234,12","1.099,30","78,70%","1.099,30","0,00"
154,Villafranca Tirrena,MESSINA,7.789,MESSINA AREA METROPOLITANA,"664,38","213,80","878,18","75,65%","878,18","0,00"
155,Torregrotta,MESSINA,7.243,MESSINA AREA METROPOLITANA,"415,86","267,96","683,82","60,81%","683,82","0,00"
156,Terme Vigliatore,MESSINA,7.308,MESSINA AREA METROPOLITANA,"446,68","198,94","645,62","69,19%","645,62","0,00"
157,San Filippo del Mela,MESSINA,6.657,MESSINA AREA METROPOLITANA,"474,21","122,34","596,55","79,49%","596,55","0,00"
158,Gioiosa Marea,MESSINA,6.715,MESSINA PROVINCIA,"0,00","0,00","0,00","0,00%","0,00","0,00"
159,Rometta,MESSINA,6.544,MESSINA AREA METROPOLITANA,"351,85","91,10","442,95","79,43%","442,95","0,00"
160,Tortorici,MESSINA,5.523,MESSINA PROVINCIA,"0,00","0,00","0,00","0,00%","0,00","0,00"
161,Pace del Mela,MESSINA,5.969,MESSINA AREA METROPOLITANA,"0,00","0,00","0,00","0,00%","0,00","0,00"
162,Brolo,MESSINA,5.735,MESSINA PROVINCIA,"424,43","176,66","601,09","70,61%","601,09","0,00"
163,Acquedolci,MESSINA,5.514,MESSINA PROVINCIA,"645,07","144,58","789,65","81,69%","789,65","0,00"
164,Spadafora,MESSINA,4.637,MESSINA AREA METROPOLITANA,"473,72","233,22","706,95","67,01%","706,95","0,00"
165,Mistretta,MESSINA,4.228,MESSINA PROVINCIA,"348,48","129,60","478,08","72,89%","478,08","0,00"
166,Santo Stefano di Camastra,MESSINA,4.356,MESSINA PROVINCIA,"478,19","164,30","642,49","74,43%","642,49","0,00"
167,Santa Lucia del Mela,MESSINA,4.378,MESSINA AREA METROPOLITANA,"180,65","70,16","250,81","72,03%","250,81","0,00"
168,Capri Leone,MESSINA,4.388,MESSINA PROVINCIA,"0,00","0,00","0,00","0,00%","0,00","0,00"
169,Torrenova,MESSINA,4.486,MESSINA PROVINCIA,"658,10","148,66","806,76","81,57%","806,76","0,00"
170,Roccalumera,MESSINA,4.150,MESSINA AREA METROPOLITANA,"0,00","0,00","0,00","0,00%","0,00","0,00"
171,Saponara,MESSINA,3.658,MESSINA AREA METROPOLITANA,"458,51","110,54","569,05","80,57%","569,05","0,00"
172,Francavilla di Sicilia,MESSINA,3.524,MESSINA PROVINCIA,"168,22","82,98","251,20","66,97%","251,20","0,00"
173,Piraino,MESSINA,3.745,MESSINA PROVINCIA,"0,00","0,00","0,00","0,00%","0,00","0,00"
174,Venetico,MESSINA,3.922,MESSINA AREA METROPOLITANA,"371,81","262,92","634,73","58,58%","634,73","0,00"
175,Naso,MESSINA,3.377,MESSINA PROVINCIA,"341,69","85,39","427,08","80,01%","429,78","2,70"
176,Furnari,MESSINA,4.171,MESSINA AREA METROPOLITANA,"497,09","126,10","623,19","79,77%","623,19","0,00"
177,San Fratello,MESSINA,3.189,MESSINA PROVINCIA,"142,51","55,70","198,21","71,90%","198,21","0,00"
178,Nizza di Sicilia,MESSINA,3.483,MESSINA AREA METROPOLITANA,"355,66","144,07","499,73","71,17%","499,73","0,00"
179,Caronia,MESSINA,2.937,MESSINA PROVINCIA,"125,74","68,42","194,16","64,76%","194,16","0,00"
180,Furci Siculo,MESSINA,3.252,MESSINA AREA METROPOLITANA,"258,58","72,04","330,62","78,21%","330,62","0,00"
181,Capizzi,MESSINA,2.768,MESSINA PROVINCIA,"0,00","0,00","0,00","0,00%","0,00","0,00"
182,Gaggi,MESSINA,3.087,MESSINA AREA METROPOLITANA,"252,29","129,96","382,25","66,00%","382,25","0,00"
183,Castell'Umberto,MESSINA,2.776,MESSINA PROVINCIA,"225,88","52,85","278,73","81,04%","278,73","0,00"
184,Sant'Angelo di Brolo,MESSINA,2.680,MESSINA PROVINCIA,"0,00","0,00","0,00","0,00%","0,00","0,00"
185,Tusa,MESSINA,2.480,MESSINA PROVINCIA,"0,00","0,00","0,00","0,00%","0,00","0,00"
186,San Piero Patti,MESSINA,2.586,MESSINA PROVINCIA,"263,86","83,66","347,52","75,93%","347,52","0,00"
187,San Pier Niceto,MESSINA,2.544,MESSINA AREA METROPOLITANA,"232,10","130,60","362,70","63,99%","362,70","0,00"
188,Letojanni,MESSINA,2.928,MESSINA AREA METROPOLITANA,"374,55","312,30","686,85","54,53%","686,85","0,00"
189,Monforte San Giorgio,MESSINA,2.434,MESSINA AREA METROPOLITANA,"236,55","118,08","354,63","66,70%","354,63","0,00"
190,Falcone,MESSINA,2.803,MESSINA PROVINCIA,"304,20","128,28","432,48","70,34%","432,48","0,00"
191,Sinagra,MESSINA,2.442,MESSINA PROVINCIA,"191,97","8,27","200,24","95,87%","200,24","0,00"
192,Galati Mamertino,MESSINA,2.151,MESSINA PROVINCIA,"193,86","51,38","245,24","79,05%","245,24","0,00"
193,Alì Terme,MESSINA,2.302,MESSINA AREA METROPOLITANA,"282,56","81,72","364,28","77,57%","364,28","0,00"
194,Castroreale,MESSINA,2.258,MESSINA AREA METROPOLITANA,"162,70","59,89","222,59","73,09%","222,59","0,00"
195,Cesarò,MESSINA,2.083,MESSINA PROVINCIA,"150,15","96,14","246,29","60,97%","246,29","0,00"
196,Merì,MESSINA,2.354,MESSINA AREA METROPOLITANA,"0,00","0,00","0,00","0,00%","0,00","0,00"
197,Montalbano Elicona,MESSINA,2.117,MESSINA PROVINCIA,"99,92","50,16","150,08","66,58%","150,08","0,00"
198,Oliveri,MESSINA,2.204,MESSINA PROVINCIA,"378,41","82,74","461,15","82,06%","461,15","0,00"
199,Scaletta Zanclea,MESSINA,1.842,MESSINA AREA METROPOLITANA,"180,71","91,06","271,77","66,49%","271,77","0,00"
200,Rodì Milici,MESSINA,1.952,MESSINA PROVINCIA,"185,83","58,34","244,17","76,11%","244,17","0,00"
201,San Marco d'Alunzio,MESSINA,1.793,MESSINA PROVINCIA,"169,87","51,39","221,26","76,77%","221,26","0,00"
202,Alcara li Fusi,MESSINA,1.616,MESSINA PROVINCIA,"67,67","19,39","87,06","77,73%","87,06","0,00"
203,Gualtieri Sicaminò,MESSINA,1.538,MESSINA AREA METROPOLITANA,"0,00","0,00","0,00","0,00%","0,00","0,00"
204,Savoca,MESSINA,1.751,MESSINA AREA METROPOLITANA,"148,67","72,80","221,47","67,13%","221,47","0,00"
205,Librizzi,MESSINA,1.547,MESSINA PROVINCIA,"76,16","22,44","98,60","77,24%","98,60","0,00"
206,Itala,MESSINA,1.509,MESSINA AREA METROPOLITANA,"0,00","0,00","0,00","0,00%","0,00","0,00"
207,Montagnareale,MESSINA,1.352,MESSINA PROVINCIA,"81,35","16,82","98,17","82,87%","98,17","0,00"
208,Mazzarrà Sant'Andrea,MESSINA,1.418,MESSINA PROVINCIA,"79,19","19,88","99,07","79,93%","99,07","0,00"
209,Sant'Alessio Siculo,MESSINA,1.549,MESSINA AREA METROPOLITANA,"186,38","148,00","334,38","55,74%","334,38","0,00"
210,Graniti,MESSINA,1.463,MESSINA PROVINCIA,"97,53","45,82","143,36","68,04%","143,36","0,00"
211,Longi,MESSINA,1.273,MESSINA PROVINCIA,"130,89","13,37","144,26","90,73%","144,26","0,00"
212,Ficarra,MESSINA,1.273,MESSINA PROVINCIA,"103,27","23,06","126,33","81,75%","126,33","0,00"
213,Fiumedinisi,MESSINA,1.352,MESSINA AREA METROPOLITANA,"81,37","37,16","118,53","68,65%","118,53","0,00"
214,San Teodoro,MESSINA,1.210,MESSINA PROVINCIA,"102,07","33,64","135,71","75,21%","135,71","0,00"
215,Novara di Sicilia,MESSINA,1.074,MESSINA PROVINCIA,"0,00","0,00","0,00","0,00%","0,00","0,00"
216,Pettineo,MESSINA,1.238,MESSINA PROVINCIA,"0,00","0,00","0,00","0,00%","0,00","0,00"
217,Valdina,MESSINA,1.234,MESSINA AREA METROPOLITANA,"86,55","100,26","186,81","46,33%","186,81","0,00"
218,Militello Rosmarino,MESSINA,1.178,MESSINA PROVINCIA,"77,28","38,93","116,21","66,50%","116,21","0,00"
219,Castel di Lucio,MESSINA,1.400,MESSINA PROVINCIA,"102,27","13,80","116,07","88,11%","119,87","3,80"
220,San Salvatore di Fitalia,MESSINA,1.112,MESSINA PROVINCIA,"85,98","22,09","108,07","79,56%","108,97","0,90"
221,Pagliara,MESSINA,1.117,MESSINA AREA METROPOLITANA,"86,79","27,20","113,99","76,14%","113,99","0,00"
222,Roccavaldina,MESSINA,991,MESSINA AREA METROPOLITANA,"65,85","55,14","120,99","54,42%","120,99","0,00"
223,Castelmola,MESSINA,1.073,MESSINA AREA METROPOLITANA,"117,67","41,62","159,29","73,87%","159,29","0,00"
224,Ucria,MESSINA,859,MESSINA PROVINCIA,"55,49","10,97","66,46","83,49%","66,46","0,00"
225,Raccuja,MESSINA,836,MESSINA PROVINCIA,"38,52","12,81","51,33","75,05%","51,33","0,00"
226,Fondachelli-Fantina,MESSINA,1.150,MESSINA PROVINCIA,"0,00","0,00","0,00","0,00%","0,00","0,00"
227,Santa Domenica Vittoria,MESSINA,855,MESSINA PROVINCIA,"0,00","0,00","0,00","0,00%","0,00","0,00"
228,Mirto,MESSINA,862,MESSINA PROVINCIA,"0,00","0,00","0,00","0,00%","0,00","0,00"
229,Malfa,MESSINA,984,ISOLE EOLIE,"92,28","81,48","173,76","53,11%","177,46","3,70"
230,Santa Marina Salina,MESSINA,852,ISOLE EOLIE,"89,76","82,92","172,68","51,98%","172,68","0,00"
231,Antillo,MESSINA,781,MESSINA AREA METROPOLITANA,"61,98","10,76","72,74","85,21%","72,74","0,00"
232,Forza d'Agrò,MESSINA,931,MESSINA AREA METROPOLITANA,"128,31","44,40","172,71","74,29%","172,71","0,00"
233,Tripi,MESSINA,717,MESSINA PROVINCIA,"0,00","0,00","0,00","0,00%","0,00","0,00"
234,Casalvecchio Siculo,MESSINA,701,MESSINA AREA METROPOLITANA,"52,71","14,88","67,59","77,98%","67,89","0,30"
235,Limina,MESSINA,721,MESSINA AREA METROPOLITANA,"25,52","19,85","45,37","56,25%","45,37","0,00"
236,Motta Camastra,MESSINA,768,MESSINA PROVINCIA,"0,00","0,00","0,00","0,00%","0,00","0,00"
237,Reitano,MESSINA,715,MESSINA PROVINCIA,"13,68","21,82","35,50","38,54%","35,50","0,00"
238,Alì,MESSINA,614,MESSINA AREA METROPOLITANA,"35,28","16,67","51,95","67,91%","51,95","0,00"
239,Motta d'Affermo,MESSINA,646,MESSINA PROVINCIA,"0,00","0,00","0,00","0,00%","0,00","0,00"
240,Malvagna,MESSINA,598,MESSINA PROVINCIA,"0,00","0,00","0,00","0,00%","0,00","0,00"
241,Frazzanò,MESSINA,536,MESSINA PROVINCIA,"0,00","0,00","0,00","0,00%","0,00","0,00"
242,Moio Alcantara,MESSINA,687,MESSINA PROVINCIA,"32,34","24,88","57,22","56,52%","57,22","0,00"
243,Leni,MESSINA,678,ISOLE EOLIE,"17,52","27,68","45,20","38,76%","45,20","0,00"
244,Roccella Valdemone,MESSINA,538,MESSINA PROVINCIA,"0,00","0,00","0,00","0,00%","0,00","0,00"
245,Basicò,MESSINA,655,MESSINA PROVINCIA,"36,58","43,64","80,22","45,60%","80,22","0,00"
246,Mandanici,MESSINA,485,MESSINA AREA METROPOLITANA,"49,10","12,82","61,92","79,30%","61,92","0,00"
247,Mongiuffi Melia,MESSINA,513,MESSINA AREA METROPOLITANA,"37,72","21,09","58,81","64,14%","58,81","0,00"
248,Condrò,MESSINA,493,MESSINA AREA METROPOLITANA,"34,15","22,72","56,87","60,05%","56,87","0,00"
249,Floresta,MESSINA,460,MESSINA PROVINCIA,"30,30","14,48","44,78","67,66%","44,78","0,00"
250,Gallodoro,MESSINA,323,MESSINA AREA METROPOLITANA,"32,78","14,09","46,87","69,94%","46,87","0,00"
251,Roccafiorita,MESSINA,160,MESSINA AREA METROPOLITANA,"8,37","1,21","9,58","87,37%","9,58","0,00"
252,Palermo,PALERMO,625.956,PALERMO AREA METROPOLITANA,"14.928,37","74.877,33","89.805,71","16,62%","89.926,44","120,74"
253,Bagheria,PALERMO,52.904,PALERMO AREA METROPOLITANA,"0,00","0,00","0,00","0,00%","0,00","0,00"
254,Monreale,PALERMO,38.690,PALERMO PROVINCIA OVEST,"2.480,76","1.056,90","3.537,66","70,12%","3.537,66","0,00"
255,Carini,PALERMO,40.641,PALERMO AREA METROPOLITANA,"3.429,24","1.209,79","4.639,03","73,92%","4.639,03","0,00"
256,Partinico,PALERMO,30.636,PALERMO AREA METROPOLITANA,"2.978,28","840,35","3.818,63","77,99%","3.818,63","0,00"
257,Misilmeri,PALERMO,29.032,PALERMO PROVINCIA OVEST,"2.961,10","792,46","3.753,56","78,89%","3.756,32","2,76"
258,Termini Imerese,PALERMO,24.716,PALERMO PROVINCIA EST,"0,00","0,00","0,00","0,00%","0,00","0,00"
259,Villabate,PALERMO,19.435,PALERMO AREA METROPOLITANA,"1.672,80","857,68","2.530,48","66,11%","2.530,48","0,00"
260,Cefalù,PALERMO,13.840,PALERMO PROVINCIA EST,"1.879,80","755,55","2.635,35","71,33%","2.635,35","0,00"
261,Ficarazzi,PALERMO,12.802,PALERMO AREA METROPOLITANA,"528,17","602,48","1.130,65","46,71%","1.130,65","0,00"
262,Cinisi,PALERMO,12.135,PALERMO AREA METROPOLITANA,"977,03","141,45","1.118,48","87,35%","1.123,14","4,66"
263,Terrasini,PALERMO,13.083,PALERMO AREA METROPOLITANA,"1.161,46","175,42","1.336,88","86,88%","1.336,88","0,00"
264,Casteldaccia,PALERMO,11.703,PALERMO AREA METROPOLITANA,"1.152,17","619,38","1.771,55","65,04%","1.771,55","0,00"
265,Capaci,PALERMO,11.365,PALERMO AREA METROPOLITANA,"50,28","369,25","419,53","11,98%","419,53","0,00"
266,Belmonte Mezzagno,PALERMO,10.758,PALERMO AREA METROPOLITANA,"491,47","223,22","714,69","68,77%","729,83","15,14"
267,Corleone,PALERMO,10.219,PALERMO PROVINCIA OVEST,"852,31","312,58","1.164,89","73,17%","1.164,89","0,00"
268,Santa Flavia,PALERMO,10.980,PALERMO AREA METROPOLITANA,"972,26","364,26","1.336,52","72,75%","1.336,52","0,00"
269,Trabia,PALERMO,10.681,PALERMO PROVINCIA EST,"1.045,85","592,90","1.638,75","63,82%","1.638,75","0,00"
270,Altofonte,PALERMO,9.686,PALERMO AREA METROPOLITANA,"332,82","141,35","474,17","70,19%","474,17","0,00"
271,Castelbuono,PALERMO,7.928,PALERMO PROVINCIA EST,"595,27","259,76","855,03","69,62%","855,03","0,00"
272,San Giuseppe Jato,PALERMO,7.962,PALERMO PROVINCIA OVEST,"832,20","57,08","889,28","93,58%","889,28","0,00"
273,Caccamo,PALERMO,7.563,PALERMO PROVINCIA EST,"0,00","0,00","0,00","0,00%","0,00","0,00"
274,Altavilla Milicia,PALERMO,8.927,PALERMO PROVINCIA EST,"402,20","318,02","720,22","55,84%","720,22","0,00"
275,Campofelice di Roccella,PALERMO,7.796,PALERMO PROVINCIA EST,"689,07","387,85","1.076,92","63,99%","1.102,33","25,41"
276,Borgetto,PALERMO,7.137,PALERMO AREA METROPOLITANA,"485,28","184,18","669,46","72,49%","669,46","0,00"
277,Isola delle Femmine,PALERMO,6.975,PALERMO AREA METROPOLITANA,"367,10","382,14","749,24","49,00%","749,24","0,00"
278,Gangi,PALERMO,5.998,PALERMO PROVINCIA EST,"316,23","120,96","437,18","72,33%","437,18","0,00"
279,Lercara Friddi,PALERMO,6.078,PALERMO PROVINCIA OVEST,"546,69","207,16","753,85","72,52%","753,85","0,00"
280,Marineo,PALERMO,5.973,PALERMO PROVINCIA OVEST,"631,49","112,80","744,29","84,84%","744,29","0,00"
281,Balestrate,PALERMO,6.334,PALERMO AREA METROPOLITANA,"318,74","58,33","377,07","84,53%","377,07","0,00"
282,Montelepre,PALERMO,5.671,PALERMO AREA METROPOLITANA,"370,99","66,01","437,00","84,89%","437,12","0,12"
283,Piana degli Albanesi,PALERMO,5.226,PALERMO PROVINCIA OVEST,"354,48","77,04","431,52","82,15%","431,52","0,00"
284,San Cipirello,PALERMO,4.838,PALERMO PROVINCIA OVEST,"457,93","43,26","501,19","91,37%","501,19","0,00"
285,Cerda,PALERMO,4.824,PALERMO PROVINCIA EST,"397,79","136,74","534,53","74,42%","534,53","0,00"
286,Prizzi,PALERMO,4.071,PALERMO PROVINCIA OVEST,"386,18","79,62","465,80","82,91%","465,80","0,00"
287,Bisacquino,PALERMO,4.000,PALERMO PROVINCIA OVEST,"428,36","147,64","576,00","74,37%","576,00","0,00"
288,Torretta,PALERMO,4.433,PALERMO AREA METROPOLITANA,"206,20","82,18","288,38","71,50%","288,38","0,00"
289,Bolognetta,PALERMO,4.063,PALERMO PROVINCIA OVEST,"355,85","104,96","460,81","77,22%","460,81","0,00"
290,Collesano,PALERMO,3.607,PALERMO PROVINCIA EST,"240,85","106,53","347,38","69,33%","351,12","3,74"
291,Caltavuturo,PALERMO,3.372,PALERMO PROVINCIA EST,"193,98","142,84","336,82","57,59%","336,82","0,00"
292,Ciminna,PALERMO,3.336,PALERMO PROVINCIA EST,"346,62","114,60","461,22","75,15%","461,22","0,00"
293,Alia,PALERMO,3.171,PALERMO PROVINCIA EST,"237,24","108,43","345,66","68,63%","345,66","0,00"
294,Valledolmo,PALERMO,3.079,PALERMO PROVINCIA EST,"274,99","85,44","360,43","76,29%","360,43","0,00"
295,Lascari,PALERMO,3.727,PALERMO PROVINCIA EST,"324,78","84,95","409,73","79,27%","423,98","14,26"
296,Polizzi Generosa,PALERMO,2.796,PALERMO PROVINCIA EST,"215,77","122,78","338,55","63,73%","338,55","0,00"
297,Castellana Sicula,PALERMO,2.917,PALERMO PROVINCIA EST,"234,14","115,22","349,36","67,02%","349,36","0,00"
298,Montemaggiore Belsito,PALERMO,2.822,PALERMO PROVINCIA EST,"224,40","102,47","326,87","68,65%","333,14","6,27"
299,Camporeale,PALERMO,2.875,PALERMO PROVINCIA OVEST,"336,36","42,70","379,06","88,74%","379,06","0,00"
300,Petralia Soprana,PALERMO,2.866,PALERMO PROVINCIA EST,"173,21","64,38","237,59","72,90%","237,59","0,00"
301,Villafrati,PALERMO,3.079,PALERMO PROVINCIA EST,"275,97","115,92","391,89","70,42%","391,89","0,00"
302,Trappeto,PALERMO,3.127,PALERMO AREA METROPOLITANA,"367,87","56,62","424,49","86,66%","424,49","0,00"
303,Castronovo di Sicilia,PALERMO,2.770,PALERMO PROVINCIA OVEST,"215,43","102,58","318,01","67,74%","318,01","0,00"
304,Pollina,PALERMO,2.819,PALERMO PROVINCIA EST,"215,69","81,27","296,96","72,63%","296,96","0,00"
305,Mezzojuso,PALERMO,2.531,PALERMO PROVINCIA EST,"165,56","87,82","253,38","65,34%","253,38","0,00"
306,Vicari,PALERMO,2.370,PALERMO PROVINCIA OVEST,"0,00","0,00","0,00","0,00%","0,00","0,00"
307,Chiusa Sclafani,PALERMO,2.434,PALERMO PROVINCIA OVEST,"243,20","112,42","355,62","68,39%","355,62","0,00"
308,Petralia Sottana,PALERMO,2.382,PALERMO PROVINCIA EST,"203,28","94,88","298,16","68,18%","298,16","0,00"
309,Sciara,PALERMO,2.438,PALERMO PROVINCIA EST,"253,75","48,32","302,07","84,00%","302,07","0,00"
310,Roccapalumba,PALERMO,2.117,PALERMO PROVINCIA OVEST,"170,38","64,08","234,46","72,67%","234,46","0,00"
311,Giardinello,PALERMO,2.230,PALERMO AREA METROPOLITANA,"121,89","22,94","144,83","84,16%","144,83","0,00"
312,Palazzo Adriano,PALERMO,1.738,PALERMO PROVINCIA OVEST,"75,82","46,53","122,35","61,97%","122,35","0,00"
313,Alimena,PALERMO,1.867,PALERMO PROVINCIA EST,"134,80","40,82","175,61","76,76%","188,33","12,72"
314,Baucina,PALERMO,1.835,PALERMO PROVINCIA EST,"192,38","66,20","258,58","74,40%","258,58","0,00"
315,Ventimiglia di Sicilia,PALERMO,1.726,PALERMO PROVINCIA EST,"166,61","53,76","220,37","75,60%","220,37","0,00"
316,Giuliana,PALERMO,1.652,PALERMO PROVINCIA OVEST,"121,71","34,74","156,45","77,80%","156,45","0,00"
317,Geraci Siculo,PALERMO,1.673,PALERMO PROVINCIA EST,"62,08","42,75","104,82","59,22%","104,82","0,00"
318,Contessa Entellina,PALERMO,1.455,PALERMO PROVINCIA OVEST,"0,00","0,00","0,00","0,00%","0,00","0,00"
319,San Mauro Castelverde,PALERMO,1.293,PALERMO PROVINCIA EST,"78,71","43,20","121,91","64,56%","121,91","0,00"
320,Isnello,PALERMO,1.346,PALERMO PROVINCIA EST,"79,90","37,56","117,46","68,02%","117,46","0,00"
321,Roccamena,PALERMO,1.297,PALERMO PROVINCIA OVEST,"88,00","20,72","108,72","80,94%","108,72","0,00"
322,Bompietro,PALERMO,1.143,PALERMO PROVINCIA EST,"79,32","44,76","124,07","63,93%","124,07","0,00"
323,Ustica,PALERMO,1.312,PALERMO AREA METROPOLITANA,"130,13","18,89","149,02","87,32%","150,02","1,00"
324,Campofiorito,PALERMO,1.114,PALERMO PROVINCIA OVEST,"86,32","27,72","114,04","75,69%","114,04","0,00"
325,Aliminusa,PALERMO,1.019,PALERMO PROVINCIA EST,"61,43","20,63","82,06","74,86%","82,06","0,00"
326,Godrano,PALERMO,1.010,PALERMO PROVINCIA OVEST,"73,92","36,38","110,30","67,02%","110,30","0,00"
327,Cefalà Diana,PALERMO,977,PALERMO PROVINCIA EST,"83,93","35,64","119,57","70,19%","119,57","0,00"
328,Blufi,PALERMO,861,PALERMO PROVINCIA EST,"72,62","49,31","121,92","59,56%","121,92","0,00"
329,Santa Cristina Gela,PALERMO,991,PALERMO PROVINCIA OVEST,"31,78","5,96","37,74","84,21%","37,74","0,00"
330,Gratteri,PALERMO,839,PALERMO PROVINCIA EST,"54,48","19,00","73,48","74,14%","73,48","0,00"
331,Scillato,PALERMO,577,PALERMO PROVINCIA EST,"44,77","22,30","67,07","66,75%","67,07","0,00"
332,Campofelice di Fitalia,PALERMO,426,PALERMO PROVINCIA EST,"27,07","10,92","37,99","71,26%","37,99","0,00"
333,Sclafani Bagni,PALERMO,364,PALERMO PROVINCIA EST,"22,11","14,97","37,08","59,63%","37,08","0,00"
334,Ragusa,RAGUSA,73.778,RAGUSA PROVINCIA,"0,00","0,00","0,00","0,00%","0,00","0,00"
335,Vittoria,RAGUSA,65.714,RAGUSA PROVINCIA,"4.033,56","2.248,94","6.282,50","64,20%","6.299,80","17,30"
336,Modica,RAGUSA,53.413,RAGUSA PROVINCIA,"3.649,74","2.002,60","5.652,34","64,57%","5.652,34","0,00"
337,Comiso,RAGUSA,30.235,RAGUSA PROVINCIA,"2.431,49","1.231,27","3.662,76","66,38%","3.662,76","0,00"
338,Scicli,RAGUSA,26.781,RAGUSA PROVINCIA,"2.524,24","650,50","3.174,74","79,51%","3.174,74","0,00"
339,Pozzallo,RAGUSA,18.901,RAGUSA PROVINCIA,"1.221,03","489,07","1.710,10","71,40%","1.713,60","3,50"
340,Ispica,RAGUSA,16.518,RAGUSA PROVINCIA,"0,00","0,00","0,00","0,00%","0,00","0,00"
341,Acate,RAGUSA,10.450,RAGUSA PROVINCIA,"922,75","312,21","1.234,96","74,72%","1.235,28","0,32"
342,Santa Croce Camerina,RAGUSA,11.414,RAGUSA PROVINCIA,"1.470,14","708,70","2.178,84","67,47%","2.212,54","33,70"
343,Chiaramonte Gulfi,RAGUSA,8.000,RAGUSA PROVINCIA,"842,60","322,22","1.164,82","72,34%","1.167,88","3,06"
344,Giarratana,RAGUSA,3.038,RAGUSA PROVINCIA,"180,98","63,78","244,76","73,94%","244,76","0,00"
345,Monterosso Almo,RAGUSA,2.734,RAGUSA PROVINCIA,"209,78","53,28","263,06","79,75%","263,06","0,00"
346,Siracusa,SIRACUSA,115.636,SIRACUSA PROVINCIA,"12.447,30","12.055,15","24.502,45","50,80%","24.544,76","42,31"
347,Augusta,SIRACUSA,34.623,SIRACUSA PROVINCIA,"2.484,90","4.126,29","6.611,19","37,59%","6.611,19","0,00"
348,Avola,SIRACUSA,30.654,SIRACUSA PROVINCIA,"2.790,20","1.989,40","4.779,60","58,38%","4.779,60","0,00"
349,Lentini,SIRACUSA,21.183,SIRACUSA PROVINCIA,"1.089,27","2.081,73","3.171,00","34,35%","3.171,17","0,17"
350,Noto,SIRACUSA,24.625,SIRACUSA PROVINCIA,"1.682,20","1.974,72","3.656,92","46,00%","3.656,92","0,00"
351,Floridia,SIRACUSA,21.082,SIRACUSA PROVINCIA,"2.490,81","879,71","3.370,51","73,90%","3.370,51","0,00"
352,Pachino,SIRACUSA,22.084,SIRACUSA PROVINCIA,"1.686,82","865,15","2.551,97","66,10%","2.551,97","0,00"
353,Rosolini,SIRACUSA,20.554,SIRACUSA PROVINCIA,"1.965,93","784,42","2.750,35","71,48%","2.750,35","0,00"
354,Carlentini,SIRACUSA,16.972,SIRACUSA PROVINCIA,"3.072,96","1.286,40","4.359,36","70,49%","4.359,36","0,00"
355,Melilli,SIRACUSA,13.168,SIRACUSA PROVINCIA,"1.508,65","601,10","2.109,75","71,51%","2.109,75","0,00"
356,Francofonte,SIRACUSA,11.534,SIRACUSA PROVINCIA,"433,82","819,64","1.253,46","34,61%","1.253,46","0,00"
357,Priolo Gargallo,SIRACUSA,11.115,SIRACUSA PROVINCIA,"948,00","1.041,10","1.989,10","47,66%","1.989,10","0,00"
358,Palazzolo Acreide,SIRACUSA,7.957,SIRACUSA PROVINCIA,"830,15","440,54","1.270,69","65,33%","1.346,65","75,96"
359,Sortino,SIRACUSA,8.041,SIRACUSA PROVINCIA,"997,44","197,88","1.195,32","83,45%","1.198,62","3,30"
360,Solarino,SIRACUSA,7.528,SIRACUSA PROVINCIA,"0,00","0,00","0,00","0,00%","0,00","0,00"
361,Canicattini Bagni,SIRACUSA,6.467,SIRACUSA PROVINCIA,"514,88","195,02","709,90","72,53%","709,90","0,00"
362,Portopalo di Capo Passero,SIRACUSA,3.859,SIRACUSA PROVINCIA,"0,00","0,00","0,00","0,00%","0,00","0,00"
363,Ferla,SIRACUSA,2.236,SIRACUSA PROVINCIA,"248,56","73,66","322,22","77,14%","322,30","0,08"
364,Buccheri,SIRACUSA,1.708,SIRACUSA PROVINCIA,"177,81","68,86","246,67","72,08%","246,67","0,00"
365,Buscemi,SIRACUSA,935,SIRACUSA PROVINCIA,"80,00","34,88","114,88","69,64%","114,88","0,00"
366,Cassaro,SIRACUSA,729,SIRACUSA PROVINCIA,"47,90","18,32","66,22","72,33%","66,22","0,00"
367,Marsala,TRAPANI,79.693,TRAPANI PROVINCIA NORD,"8.142,42","2.421,11","10.563,53","77,08%","10.563,53","0,00"
368,Trapani,TRAPANI,54.887,TRAPANI PROVINCIA NORD,"6.834,46","3.475,12","10.309,58","66,29%","10.345,08","35,50"
369,Mazara del Vallo,TRAPANI,49.970,TRAPANI PROVINCIA SUD,"5.211,09","972,55","6.183,64","84,27%","6.190,96","7,32"
370,Alcamo,TRAPANI,44.596,TRAPANI PROVINCIA NORD,"4.188,50","2.001,52","6.190,02","67,67%","6.213,45","23,43"
371,Castelvetrano,TRAPANI,29.342,TRAPANI PROVINCIA SUD,"3.624,61","673,02","4.297,63","84,34%","4.297,95","0,33"
372,Erice,TRAPANI,25.756,TRAPANI PROVINCIA NORD,"3.826,69","1.358,31","5.185,00","73,80%","5.185,35","0,36"
373,Castellammare del Golfo,TRAPANI,14.584,TRAPANI PROVINCIA NORD,"2.230,24","620,66","2.850,90","78,23%","2.858,82","7,92"
374,Valderice,TRAPANI,11.289,TRAPANI PROVINCIA NORD,"1.647,09","346,76","1.993,85","82,61%","1.994,89","1,04"
375,Campobello di Mazara,TRAPANI,11.224,TRAPANI PROVINCIA SUD,"629,55","322,00","951,55","66,16%","951,55","0,00"
376,Paceco,TRAPANI,10.564,TRAPANI PROVINCIA NORD,"1.230,82","235,34","1.466,16","83,95%","1.633,94","167,78"
377,Partanna,TRAPANI,9.782,TRAPANI PROVINCIA SUD,"1.233,98","260,16","1.494,14","82,59%","1.494,14","0,00"
378,Salemi,TRAPANI,9.822,TRAPANI PROVINCIA SUD,"1.165,15","243,96","1.409,11","82,69%","1.409,11","0,00"
379,Petrosino,TRAPANI,7.921,TRAPANI PROVINCIA SUD,"1.130,26","142,88","1.273,14","88,78%","1.273,14","0,00"
380,Pantelleria,TRAPANI,7.175,TRAPANI PROVINCIA NORD,"773,43","202,00","975,43","79,29%","975,43","0,00"
381,Calatafimi-Segesta,TRAPANI,6.019,TRAPANI PROVINCIA NORD,"695,78","129,99","825,77","84,26%","825,77","0,00"
382,Custonaci,TRAPANI,5.251,TRAPANI PROVINCIA NORD,"678,49","239,02","917,51","73,95%","917,51","0,00"
383,Santa Ninfa,TRAPANI,4.705,TRAPANI PROVINCIA SUD,"474,87","98,02","572,89","82,89%","572,89","0,00"
384,San Vito Lo Capo,TRAPANI,4.866,TRAPANI PROVINCIA NORD,"77,18","33,40","110,58","69,80%","110,58","0,00"
385,Favignana,TRAPANI,4.515,TRAPANI PROVINCIA NORD,"760,83","174,49","935,32","81,34%","935,32","0,00"
386,Gibellina,TRAPANI,3.650,TRAPANI PROVINCIA SUD,"521,52","159,25","680,77","76,61%","680,77","0,00"
387,Buseto Palizzolo,TRAPANI,2.754,TRAPANI PROVINCIA NORD,"343,51","66,37","409,88","83,81%","409,88","0,00"
388,Vita,TRAPANI,1.733,TRAPANI PROVINCIA SUD,"167,69","37,96","205,65","81,54%","205,65","0,00"
389,Salaparuta,TRAPANI,1.567,TRAPANI PROVINCIA SUD,"185,74","40,32","226,06","82,16%","226,06","0,00"
390,Poggioreale,TRAPANI,1.277,TRAPANI PROVINCIA SUD,"111,64","20,36","132,00","84,58%","132,00","0,00"
391,Misiliscemi,TRAPANI,8.454,TRAPANI PROVINCIA NORD,"1.052,97","535,40","1.588,38","66,29%","1.593,85","5,47"
